id,equipment_type,equipment_id,location,complaint,symptoms,diagnosis,root_cause,recommended_fix,estimated_cost,repair_time,urgency,technician_type,date,technician_notes,status
1001,Air Conditioner,AC-002,Computer Lab 2,AC is not cooling properly and is making a loud rattling noise.,"Insufficient cooling, abnormal rattling sound from indoor unit, low airflow",Blower fan motor bearing wear and dust accumulation on evaporator coil,Restricted airflow due to heavy dust accumulation and fan motor bearing degradation,"Clean indoor evaporator coil, inspect blower fan assembly, lubricate/replace bearings",2000,1.7,Medium,HVAC Specialist,2025-12-09,"Coil cleaned with chemical wash, blower fan aligned and balanced. Cooling restored to 18°C.",Resolved
1002,Air Conditioner,AC-006,Chemistry Lab,AC is not cooling properly and is making a loud rattling noise.,"Insufficient cooling, abnormal rattling sound from indoor unit, low airflow",Blower fan motor bearing wear and dust accumulation on evaporator coil,Restricted airflow due to heavy dust accumulation and fan motor bearing degradation,"Clean indoor evaporator coil, inspect blower fan assembly, lubricate/replace bearings",1550,1.5,Medium,HVAC Specialist,2025-07-11,"Coil cleaned with chemical wash, blower fan aligned and balanced. Cooling restored to 18°C.",Resolved
1003,Air Conditioner,AC-039,Chemistry Lab,AC is not cooling properly and is making a loud rattling noise.,"Insufficient cooling, abnormal rattling sound from indoor unit, low airflow",Blower fan motor bearing wear and dust accumulation on evaporator coil,Restricted airflow due to heavy dust accumulation and fan motor bearing degradation,"Clean indoor evaporator coil, inspect blower fan assembly, lubricate/replace bearings",2600,1.7,Medium,HVAC Specialist,2026-08-20,"Coil cleaned with chemical wash, blower fan aligned and balanced. Cooling restored to 18°C.",Resolved
1004,Air Conditioner,AC-027,Chemistry Lab,AC is not cooling properly and is making a loud rattling noise.,"Insufficient cooling, abnormal rattling sound from indoor unit, low airflow",Blower fan motor bearing wear and dust accumulation on evaporator coil,Restricted airflow due to heavy dust accumulation and fan motor bearing degradation,"Clean indoor evaporator coil, inspect blower fan assembly, lubricate/replace bearings",2400,2.1,Medium,HVAC Specialist,2026-02-03,"Coil cleaned with chemical wash, blower fan aligned and balanced. Cooling restored to 18°C.",Verified & Closed
1005,Air Conditioner,AC-045,Computer Lab 3,AC tripping the circuit breaker immediately after turning on compressor.,"Power trip on startup, compressor buzzing sound, no cold air",Compressor run capacitor blown and high starting current,Degraded 45uF starting capacitor causing compressor rotor lock and breaker trip,Replace dual run/start capacitor (45+5 uF) and test compressor winding resistance,1850,1.1,High,HVAC Specialist,2025-07-11,Capacitor replaced. Startup current measured at 9.2A (within safe limit).,Resolved
1006,Air Conditioner,AC-007,Library 2nd Floor,AC tripping the circuit breaker immediately after turning on compressor.,"Power trip on startup, compressor buzzing sound, no cold air",Compressor run capacitor blown and high starting current,Degraded 45uF starting capacitor causing compressor rotor lock and breaker trip,Replace dual run/start capacitor (45+5 uF) and test compressor winding resistance,1950,1.0,High,HVAC Specialist,2026-06-14,Capacitor replaced. Startup current measured at 9.2A (within safe limit).,Verified & Closed
1007,Air Conditioner,AC-003,Admin Block - Room 102,Water leaking continuously from the indoor split AC unit inside lab.,"Water dripping down classroom wall, ice forming on indoor coil",Clogged condensate drain pipe and dirty filter mesh,Algae and dust blockage in drain tray outlet causing overflow,"Clear condensate drain line with nitrogen blow, clean drain pan and filters",1300,0.8,Medium,AC Technician,2025-06-03,Flushed drain pipe. Water drain slope verified with 2L flush test.,Verified & Closed
1008,Air Conditioner,AC-036,Computer Lab 2,Water leaking continuously from the indoor split AC unit inside lab.,"Water dripping down classroom wall, ice forming on indoor coil",Clogged condensate drain pipe and dirty filter mesh,Algae and dust blockage in drain tray outlet causing overflow,"Clear condensate drain line with nitrogen blow, clean drain pan and filters",1400,1.0,Medium,AC Technician,2025-11-20,Flushed drain pipe. Water drain slope verified with 2L flush test.,Verified & Closed
1009,Air Conditioner,AC-013,Dean Office,Water leaking continuously from the indoor split AC unit inside lab.,"Water dripping down classroom wall, ice forming on indoor coil",Clogged condensate drain pipe and dirty filter mesh,Algae and dust blockage in drain tray outlet causing overflow,"Clear condensate drain line with nitrogen blow, clean drain pan and filters",800,1.1,Medium,AC Technician,2026-07-07,Flushed drain pipe. Water drain slope verified with 2L flush test.,Verified & Closed
1010,Air Conditioner,AC-015,Computer Lab 2,Water leaking continuously from the indoor split AC unit inside lab.,"Water dripping down classroom wall, ice forming on indoor coil",Clogged condensate drain pipe and dirty filter mesh,Algae and dust blockage in drain tray outlet causing overflow,"Clear condensate drain line with nitrogen blow, clean drain pan and filters",1150,0.9,Medium,AC Technician,2026-06-05,Flushed drain pipe. Water drain slope verified with 2L flush test.,Resolved
1011,Air Conditioner,AC-024,Computer Lab 3,"AC blowing warm air, outdoor unit fan running but compressor silent.","Warm air discharge, outdoor condenser fan active, no cooling effect",Refrigerant R-410A low pressure leak at flare nut connection,Vibration-induced micro-crack in suction line flare joint resulting in gas leakage,"Perform nitrogen pressure leak test, re-flare joint, vacuum system and recharge R-410A",4350,3.5,High,Senior HVAC Technician,2025-09-18,Leak sealed at flare connection. Gas charged to 125 PSI. Delta-T across coil is 14°C.,Resolved
1012,Air Conditioner,AC-039,Computer Lab 2,"AC blowing warm air, outdoor unit fan running but compressor silent.","Warm air discharge, outdoor condenser fan active, no cooling effect",Refrigerant R-410A low pressure leak at flare nut connection,Vibration-induced micro-crack in suction line flare joint resulting in gas leakage,"Perform nitrogen pressure leak test, re-flare joint, vacuum system and recharge R-410A",5650,3.6,High,Senior HVAC Technician,2026-03-25,Leak sealed at flare connection. Gas charged to 125 PSI. Delta-T across coil is 14°C.,Resolved
1013,Air Conditioner,AC-018,Seminar Hall,"AC blowing warm air, outdoor unit fan running but compressor silent.","Warm air discharge, outdoor condenser fan active, no cooling effect",Refrigerant R-410A low pressure leak at flare nut connection,Vibration-induced micro-crack in suction line flare joint resulting in gas leakage,"Perform nitrogen pressure leak test, re-flare joint, vacuum system and recharge R-410A",4800,3.8,High,Senior HVAC Technician,2026-02-04,Leak sealed at flare connection. Gas charged to 125 PSI. Delta-T across coil is 14°C.,Verified & Closed
1014,Air Conditioner,AC-021,Computer Lab 1,AC display showing error code E4 and shutting down within 5 minutes.,"Error code E4 on panel, unexpected thermal shutdown, intermittent cooling",Room ambient temperature sensor open circuit / resistance drift,Corroded NTC thermistor sensor lead due to ambient humidity,Replace 10k NTC copper coil and ambient temperature thermistor harness,1150,0.5,Low,AC Technician,2025-08-02,New NTC sensor calibrated and sealed with heat shrink.,Verified & Closed
1015,Air Conditioner,AC-021,Dean Office,AC display showing error code E4 and shutting down within 5 minutes.,"Error code E4 on panel, unexpected thermal shutdown, intermittent cooling",Room ambient temperature sensor open circuit / resistance drift,Corroded NTC thermistor sensor lead due to ambient humidity,Replace 10k NTC copper coil and ambient temperature thermistor harness,1550,0.7,Low,AC Technician,2026-02-11,New NTC sensor calibrated and sealed with heat shrink.,Verified & Closed
1016,Diesel Generator,DG-010,Hospital Backup Yard,Diesel Generator fails to crank or start during main grid power outage.,"Clicking starter solenoid sound, instrument cluster dimming, engine not rotating",Lead-acid starter battery pack deep discharge and terminal sulfation,Faulty float trickle battery charger failing to maintain 24V DC auxiliary bus,"Clean battery terminals, replace battery charger unit, jump-start and load-test battery bank",5050,1.9,Critical,Power Systems Engineer,2025-12-19,Battery bank reconditioned. New 24V smart float charger installed. Cranking voltage tested at 22.8V.,Resolved
1017,Diesel Generator,DG-038,Hostel Block C Yard,Diesel Generator fails to crank or start during main grid power outage.,"Clicking starter solenoid sound, instrument cluster dimming, engine not rotating",Lead-acid starter battery pack deep discharge and terminal sulfation,Faulty float trickle battery charger failing to maintain 24V DC auxiliary bus,"Clean battery terminals, replace battery charger unit, jump-start and load-test battery bank",8150,2.4,Critical,Power Systems Engineer,2025-07-05,Battery bank reconditioned. New 24V smart float charger installed. Cranking voltage tested at 22.8V.,Resolved
1018,Diesel Generator,DG-033,Science Block Basement,Diesel Generator fails to crank or start during main grid power outage.,"Clicking starter solenoid sound, instrument cluster dimming, engine not rotating",Lead-acid starter battery pack deep discharge and terminal sulfation,Faulty float trickle battery charger failing to maintain 24V DC auxiliary bus,"Clean battery terminals, replace battery charger unit, jump-start and load-test battery bank",4850,2.6,Critical,Power Systems Engineer,2025-04-29,Battery bank reconditioned. New 24V smart float charger installed. Cranking voltage tested at 22.8V.,Verified & Closed
1019,Diesel Generator,DG-041,Science Block Basement,Diesel Generator fails to crank or start during main grid power outage.,"Clicking starter solenoid sound, instrument cluster dimming, engine not rotating",Lead-acid starter battery pack deep discharge and terminal sulfation,Faulty float trickle battery charger failing to maintain 24V DC auxiliary bus,"Clean battery terminals, replace battery charger unit, jump-start and load-test battery bank",7700,2.5,Critical,Power Systems Engineer,2026-04-06,Battery bank reconditioned. New 24V smart float charger installed. Cranking voltage tested at 22.8V.,Resolved
1020,Diesel Generator,DG-039,Hospital Backup Yard,Generator starting but shutting down after 30 seconds with Over-Frequency alarm.,"Engine hunting/surging, erratic RPM, automatic trip on governing fault",Mechanical governor linkage sticking and fuel injection pump air lock,Contaminated diesel with particulate buildup in primary fuel filter and sticking governor spring,"Bleed fuel line, replace primary/secondary fuel filters, lubricate actuator linkage",5350,2.4,High,Diesel Mechanic,2025-05-25,Fuel filters replaced. Governor response tested at 50Hz under 60% step load.,Resolved
1021,Diesel Generator,DG-044,Power Substation Yard,Generator starting but shutting down after 30 seconds with Over-Frequency alarm.,"Engine hunting/surging, erratic RPM, automatic trip on governing fault",Mechanical governor linkage sticking and fuel injection pump air lock,Contaminated diesel with particulate buildup in primary fuel filter and sticking governor spring,"Bleed fuel line, replace primary/secondary fuel filters, lubricate actuator linkage",5950,3.3,High,Diesel Mechanic,2026-05-22,Fuel filters replaced. Governor response tested at 50Hz under 60% step load.,Verified & Closed
1022,Diesel Generator,DG-008,Hostel Block C Yard,Generator starting but shutting down after 30 seconds with Over-Frequency alarm.,"Engine hunting/surging, erratic RPM, automatic trip on governing fault",Mechanical governor linkage sticking and fuel injection pump air lock,Contaminated diesel with particulate buildup in primary fuel filter and sticking governor spring,"Bleed fuel line, replace primary/secondary fuel filters, lubricate actuator linkage",4950,2.2,High,Diesel Mechanic,2025-11-20,Fuel filters replaced. Governor response tested at 50Hz under 60% step load.,Resolved
1023,Diesel Generator,DG-033,Hostel Block C Yard,High coolant temperature alarm triggering within 10 minutes of full load running.,"Coolant temperature exceeding 98°C, radiator fan belt loose, coolant level dropping",Radiator fin clogging and slipping v-belt drive on water pump,Dry dust accumulation in radiator core and worn tensioner pulley,"High-pressure air clean radiator fins, replace tensioner and v-belt, top up ethylene glycol coolant",4850,2.4,High,Mechanical Technician,2026-03-18,Radiator backwashed. Belt tension set to spec. Operating temp stable at 84°C under full load.,Verified & Closed
1024,Diesel Generator,DG-041,Hostel Block C Yard,High coolant temperature alarm triggering within 10 minutes of full load running.,"Coolant temperature exceeding 98°C, radiator fan belt loose, coolant level dropping",Radiator fin clogging and slipping v-belt drive on water pump,Dry dust accumulation in radiator core and worn tensioner pulley,"High-pressure air clean radiator fins, replace tensioner and v-belt, top up ethylene glycol coolant",3600,1.7,High,Mechanical Technician,2025-04-15,Radiator backwashed. Belt tension set to spec. Operating temp stable at 84°C under full load.,Verified & Closed
1025,Diesel Generator,DG-039,Power Substation Yard,High coolant temperature alarm triggering within 10 minutes of full load running.,"Coolant temperature exceeding 98°C, radiator fan belt loose, coolant level dropping",Radiator fin clogging and slipping v-belt drive on water pump,Dry dust accumulation in radiator core and worn tensioner pulley,"High-pressure air clean radiator fins, replace tensioner and v-belt, top up ethylene glycol coolant",4800,1.5,High,Mechanical Technician,2025-10-20,Radiator backwashed. Belt tension set to spec. Operating temp stable at 84°C under full load.,Verified & Closed
1026,Diesel Generator,DG-016,Hostel Block C Yard,High coolant temperature alarm triggering within 10 minutes of full load running.,"Coolant temperature exceeding 98°C, radiator fan belt loose, coolant level dropping",Radiator fin clogging and slipping v-belt drive on water pump,Dry dust accumulation in radiator core and worn tensioner pulley,"High-pressure air clean radiator fins, replace tensioner and v-belt, top up ethylene glycol coolant",3750,2.4,High,Mechanical Technician,2026-07-19,Radiator backwashed. Belt tension set to spec. Operating temp stable at 84°C under full load.,Verified & Closed
1027,Elevator,LIFT-005,Library Central,Elevator doors repeatedly closing and reopening without passenger obstruction.,"Door cycle looping 4-5 times at Floor 2, door motor straining, buzzer sounding",Infrared door safety light curtain sensor misalignment and optical lens smudge,Dust coating on lower infrared emitter diodes causing false beam interruption trigger,"Clean optical lenses, align transmitter and receiver strips, calibrate sensitivity",1450,1.7,High,Elevator Specialist,2026-05-11,Photocell curtain realigned and tested across all 128 beams.,Verified & Closed
1028,Elevator,LIFT-017,Admin Tower,Elevator doors repeatedly closing and reopening without passenger obstruction.,"Door cycle looping 4-5 times at Floor 2, door motor straining, buzzer sounding",Infrared door safety light curtain sensor misalignment and optical lens smudge,Dust coating on lower infrared emitter diodes causing false beam interruption trigger,"Clean optical lenses, align transmitter and receiver strips, calibrate sensitivity",1600,1.9,High,Elevator Specialist,2025-07-10,Photocell curtain realigned and tested across all 128 beams.,Verified & Closed
1029,Elevator,LIFT-020,Admin Tower,Elevator car making grinding sound and vibrating heavily during descent.,"Audible metal screeching, noticeable shuddering between Floors 3 and 4",Guide rail lubrication depletion and guide shoe roller wear,Empty automatic oil lubricator cup and worn nylon guide shoe liner,"Replace guide shoe inserts, clean rail track, refill ISO VG 68 guide rail oil",6750,3.5,High,Senior Lift Engineer,2025-08-04,Replaced four guide shoe liners. Ride quality index tested smooth.,Resolved
1030,Elevator,LIFT-029,Hospital Wing West,Elevator car making grinding sound and vibrating heavily during descent.,"Audible metal screeching, noticeable shuddering between Floors 3 and 4",Guide rail lubrication depletion and guide shoe roller wear,Empty automatic oil lubricator cup and worn nylon guide shoe liner,"Replace guide shoe inserts, clean rail track, refill ISO VG 68 guide rail oil",5000,2.8,High,Senior Lift Engineer,2026-05-16,Replaced four guide shoe liners. Ride quality index tested smooth.,Resolved
1031,Elevator,LIFT-036,Hospital Wing West,Elevator car making grinding sound and vibrating heavily during descent.,"Audible metal screeching, noticeable shuddering between Floors 3 and 4",Guide rail lubrication depletion and guide shoe roller wear,Empty automatic oil lubricator cup and worn nylon guide shoe liner,"Replace guide shoe inserts, clean rail track, refill ISO VG 68 guide rail oil",6400,2.8,High,Senior Lift Engineer,2026-01-24,Replaced four guide shoe liners. Ride quality index tested smooth.,Resolved
1032,Elevator,LIFT-015,Academic Block A - Core,Elevator car making grinding sound and vibrating heavily during descent.,"Audible metal screeching, noticeable shuddering between Floors 3 and 4",Guide rail lubrication depletion and guide shoe roller wear,Empty automatic oil lubricator cup and worn nylon guide shoe liner,"Replace guide shoe inserts, clean rail track, refill ISO VG 68 guide rail oil",4100,3.8,High,Senior Lift Engineer,2026-07-09,Replaced four guide shoe liners. Ride quality index tested smooth.,Resolved
1033,Elevator,LIFT-043,Hostel Block 1,Elevator stopping 2 inches below floor level at Ground Floor.,"Floor leveling discrepancy, trip hazard step, floor position reset required",Magnetic floor vane reader sensor bracket loose,Loose mounting bolt on shaft leveling sensor causing delayed trigger signal,Tighten and recalibrate floor leveling magnets and shaft position encoder,2200,2.0,Critical,Elevator Specialist,2025-05-07,Sensor repositioned with threadlocker. Leveling precision ±3mm achieved.,Resolved
1034,Elevator,LIFT-037,Hospital Wing West,Elevator stopping 2 inches below floor level at Ground Floor.,"Floor leveling discrepancy, trip hazard step, floor position reset required",Magnetic floor vane reader sensor bracket loose,Loose mounting bolt on shaft leveling sensor causing delayed trigger signal,Tighten and recalibrate floor leveling magnets and shaft position encoder,2250,2.3,Critical,Elevator Specialist,2025-05-20,Sensor repositioned with threadlocker. Leveling precision ±3mm achieved.,Verified & Closed
1035,Water Pump,WP-007,Main Overhead Tank Sub-station,Water pump running continuously but delivering very low water pressure to top floors.,"Pump motor humming loudly, zero pressure gauge reading, air in pipeline",Suction foot valve stuck partially open and suction line priming lost,Debris lodged in brass foot valve disc preventing positive prime holding,"Dismantle foot valve, clear silt debris, re-prime suction manifold and replace gasket",2200,1.9,High,Plumber & Pump Specialist,2025-07-02,Foot valve replaced with stainless steel mesh strainer. Priming restored.,Resolved
1036,Water Pump,WP-044,Main Overhead Tank Sub-station,Water pump running continuously but delivering very low water pressure to top floors.,"Pump motor humming loudly, zero pressure gauge reading, air in pipeline",Suction foot valve stuck partially open and suction line priming lost,Debris lodged in brass foot valve disc preventing positive prime holding,"Dismantle foot valve, clear silt debris, re-prime suction manifold and replace gasket",1600,1.9,High,Plumber & Pump Specialist,2026-06-08,Foot valve replaced with stainless steel mesh strainer. Priming restored.,Resolved
1037,Water Pump,WP-013,Hostel Water Treatment Plant,Water leaking heavily from pump shaft seal and motor tripping on thermal relay.,"Water puddle around pump base, motor casing hot to touch, breaker tripping",Mechanical shaft seal face cracked and motor bearing water ingress,Dry running of pump causing ceramic-carbon seal face thermal shock,"Replace mechanical ceramic seal, repack shaft gland, test motor dry-run sensor",3850,2.7,High,Pump Technician,2026-03-06,Replaced mechanical seal and fitted dry-run float switch protector.,Resolved
1038,Water Pump,WP-030,Garden Irrigation Hub,Water leaking heavily from pump shaft seal and motor tripping on thermal relay.,"Water puddle around pump base, motor casing hot to touch, breaker tripping",Mechanical shaft seal face cracked and motor bearing water ingress,Dry running of pump causing ceramic-carbon seal face thermal shock,"Replace mechanical ceramic seal, repack shaft gland, test motor dry-run sensor",4550,3.4,High,Pump Technician,2026-01-04,Replaced mechanical seal and fitted dry-run float switch protector.,Resolved
1039,Classroom Projector,PRJ-004,Lecture Hall 101,Projector turning on for 2 minutes then shutting down with blinking red Temp light.,"Rapid shutdown, red Temp warning LED, loud exhaust fan whining",Thermal sensor cutoff due to blocked intake air filter and dust on fan blades,Dust accumulation clogging intake sponge filter preventing heat dissipation from lamp module,"Deep clean air filter sponge, blow out optical engine compartment, inspect fan RPM",650,1.0,Medium,AV Technician,2026-09-01,Filter washed and dried. Thermal sensor readings normalized.,Verified & Closed
1040,Classroom Projector,PRJ-027,Lecture Hall 204,Projector turning on for 2 minutes then shutting down with blinking red Temp light.,"Rapid shutdown, red Temp warning LED, loud exhaust fan whining",Thermal sensor cutoff due to blocked intake air filter and dust on fan blades,Dust accumulation clogging intake sponge filter preventing heat dissipation from lamp module,"Deep clean air filter sponge, blow out optical engine compartment, inspect fan RPM",1050,0.6,Medium,AV Technician,2025-05-07,Filter washed and dried. Thermal sensor readings normalized.,Resolved
1041,Classroom Projector,PRJ-011,Lecture Hall 101,Projector turning on for 2 minutes then shutting down with blinking red Temp light.,"Rapid shutdown, red Temp warning LED, loud exhaust fan whining",Thermal sensor cutoff due to blocked intake air filter and dust on fan blades,Dust accumulation clogging intake sponge filter preventing heat dissipation from lamp module,"Deep clean air filter sponge, blow out optical engine compartment, inspect fan RPM",600,1.0,Medium,AV Technician,2025-08-24,Filter washed and dried. Thermal sensor readings normalized.,Resolved
1042,Classroom Projector,PRJ-019,Auditorium Main,Projector turning on for 2 minutes then shutting down with blinking red Temp light.,"Rapid shutdown, red Temp warning LED, loud exhaust fan whining",Thermal sensor cutoff due to blocked intake air filter and dust on fan blades,Dust accumulation clogging intake sponge filter preventing heat dissipation from lamp module,"Deep clean air filter sponge, blow out optical engine compartment, inspect fan RPM",1300,1.0,Medium,AV Technician,2025-07-10,Filter washed and dried. Thermal sensor readings normalized.,Preventive Maintenance Completed
1043,Classroom Projector,PRJ-010,Auditorium Main,Projector displays 'No Signal' despite HDMI cable connected securely to laptop.,"Blue screen standby, HDMI source unacknowledged, cable pins loose",Damaged HDMI wall plate receptacle and cracked internal solder trace,Repeated mechanical tugging on wall HDMI port causing physical pin fracture,Replace wall plate HDMI 2.0 female-female connector module and patch cord,1100,0.6,Medium,AV Technician,2026-03-06,Replaced wall socket module with reinforced metal pass-through.,Resolved
1044,Classroom Projector,PRJ-004,Conference Room 3,Projector displays 'No Signal' despite HDMI cable connected securely to laptop.,"Blue screen standby, HDMI source unacknowledged, cable pins loose",Damaged HDMI wall plate receptacle and cracked internal solder trace,Repeated mechanical tugging on wall HDMI port causing physical pin fracture,Replace wall plate HDMI 2.0 female-female connector module and patch cord,850,0.5,Medium,AV Technician,2025-10-30,Replaced wall socket module with reinforced metal pass-through.,Resolved
1045,Classroom Projector,PRJ-011,Conference Room 3,Projector displays 'No Signal' despite HDMI cable connected securely to laptop.,"Blue screen standby, HDMI source unacknowledged, cable pins loose",Damaged HDMI wall plate receptacle and cracked internal solder trace,Repeated mechanical tugging on wall HDMI port causing physical pin fracture,Replace wall plate HDMI 2.0 female-female connector module and patch cord,1300,0.5,Medium,AV Technician,2026-07-20,Replaced wall socket module with reinforced metal pass-through.,Resolved
1046,Classroom Projector,PRJ-005,Conference Room 3,Projector displays 'No Signal' despite HDMI cable connected securely to laptop.,"Blue screen standby, HDMI source unacknowledged, cable pins loose",Damaged HDMI wall plate receptacle and cracked internal solder trace,Repeated mechanical tugging on wall HDMI port causing physical pin fracture,Replace wall plate HDMI 2.0 female-female connector module and patch cord,1200,0.6,Medium,AV Technician,2026-01-19,Replaced wall socket module with reinforced metal pass-through.,Verified & Closed
1047,Classroom Projector,PRJ-039,Conference Room 3,Projector image shows severe yellow discoloration and flickering color band.,"Distorted color matrix, flickering tint, faint grinding sound from optical chamber",DLP color wheel indexing sensor dirty / motor bearing seizure,Dust layer on color wheel optical optocoupler sensor disc,Clean optical color wheel sensor with isopropanol and realign optical path,3050,1.6,Medium,Senior AV Specialist,2026-08-07,Color wheel cleaned. RGB calibration completed with test pattern.,Resolved
1048,Classroom Projector,PRJ-034,Conference Room 3,Projector image shows severe yellow discoloration and flickering color band.,"Distorted color matrix, flickering tint, faint grinding sound from optical chamber",DLP color wheel indexing sensor dirty / motor bearing seizure,Dust layer on color wheel optical optocoupler sensor disc,Clean optical color wheel sensor with isopropanol and realign optical path,3700,1.8,Medium,Senior AV Specialist,2025-10-28,Color wheel cleaned. RGB calibration completed with test pattern.,Resolved
1049,UPS System,UPS-017,Biotech Lab Annex,UPS constantly beeping with 'Battery Weak / Replace' indicator illuminated.,"Audible alert every 5 seconds, backup time dropped from 30 mins to 20 seconds",Sulfated 12V 42Ah SMF batteries with high internal impedance,End of electrochemical battery service life (3+ years) and high operating ambient temperature,"Perform battery conductance test, replace weak battery block, calibrate float voltage",7050,2.5,High,Power Electronics Technician,2025-08-07,4 dead cells in 16-battery string replaced. Battery bank autonomy load-tested to 25 minutes.,Resolved
1050,UPS System,UPS-005,Exam Control Room,UPS constantly beeping with 'Battery Weak / Replace' indicator illuminated.,"Audible alert every 5 seconds, backup time dropped from 30 mins to 20 seconds",Sulfated 12V 42Ah SMF batteries with high internal impedance,End of electrochemical battery service life (3+ years) and high operating ambient temperature,"Perform battery conductance test, replace weak battery block, calibrate float voltage",9750,2.4,High,Power Electronics Technician,2026-09-07,4 dead cells in 16-battery string replaced. Battery bank autonomy load-tested to 25 minutes.,Resolved
1051,UPS System,UPS-005,Main Datacenter,UPS constantly beeping with 'Battery Weak / Replace' indicator illuminated.,"Audible alert every 5 seconds, backup time dropped from 30 mins to 20 seconds",Sulfated 12V 42Ah SMF batteries with high internal impedance,End of electrochemical battery service life (3+ years) and high operating ambient temperature,"Perform battery conductance test, replace weak battery block, calibrate float voltage",10100,1.9,High,Power Electronics Technician,2026-02-10,4 dead cells in 16-battery string replaced. Battery bank autonomy load-tested to 25 minutes.,Verified & Closed
1052,UPS System,UPS-024,Biotech Lab Annex,UPS switching automatically to Static Bypass mode with Overload error.,"Bypass LED active, inverter offline, cooling fans operating at maximum RPM",Inverter DC-AC bridge heat-sink thermal sensor triggering due to fan failure,Exhaust fan 1 seized up with dust ball causing IGBT heatsink to reach 85°C,"Replace 120mm 24V DC ball bearing exhaust fan, clean heatsink, reset bypass alarm",1700,1.2,High,UPS Engineer,2025-11-29,Replaced cooling fans. UPS transferred back to online inverter mode.,Resolved
1053,UPS System,UPS-040,Exam Control Room,UPS switching automatically to Static Bypass mode with Overload error.,"Bypass LED active, inverter offline, cooling fans operating at maximum RPM",Inverter DC-AC bridge heat-sink thermal sensor triggering due to fan failure,Exhaust fan 1 seized up with dust ball causing IGBT heatsink to reach 85°C,"Replace 120mm 24V DC ball bearing exhaust fan, clean heatsink, reset bypass alarm",2750,1.4,High,UPS Engineer,2026-09-08,Replaced cooling fans. UPS transferred back to online inverter mode.,Resolved
1054,RO Water Purifier,RO-009,Student Mess Floor 1,"Water purifier flow rate has dropped to a trickle, taking 10 mins to fill one bottle.","Very slow permeate flow, high reject water flow ratio, booster pump running continuously",Sediment pre-filter and activated carbon block choked with silt,High turbidity in incoming municipal water supply over past 2 weeks,Replace 5-micron spun polypropylene pre-filter and 10-inch CTO carbon block,1000,0.9,Medium,Water Plant Technician,2025-12-20,Pre-filters replaced. Flow rate restored to 50 LPH at 60 PSI.,Resolved
1055,RO Water Purifier,RO-018,Staff Cafeteria,"Water purifier flow rate has dropped to a trickle, taking 10 mins to fill one bottle.","Very slow permeate flow, high reject water flow ratio, booster pump running continuously",Sediment pre-filter and activated carbon block choked with silt,High turbidity in incoming municipal water supply over past 2 weeks,Replace 5-micron spun polypropylene pre-filter and 10-inch CTO carbon block,1500,0.6,Medium,Water Plant Technician,2025-12-02,Pre-filters replaced. Flow rate restored to 50 LPH at 60 PSI.,Resolved
1056,RO Water Purifier,RO-033,Sports Complex,"Water purifier flow rate has dropped to a trickle, taking 10 mins to fill one bottle.","Very slow permeate flow, high reject water flow ratio, booster pump running continuously",Sediment pre-filter and activated carbon block choked with silt,High turbidity in incoming municipal water supply over past 2 weeks,Replace 5-micron spun polypropylene pre-filter and 10-inch CTO carbon block,1150,1.0,Medium,Water Plant Technician,2025-05-04,Pre-filters replaced. Flow rate restored to 50 LPH at 60 PSI.,Verified & Closed
1057,RO Water Purifier,RO-041,Student Mess Floor 1,"Water purifier flow rate has dropped to a trickle, taking 10 mins to fill one bottle.","Very slow permeate flow, high reject water flow ratio, booster pump running continuously",Sediment pre-filter and activated carbon block choked with silt,High turbidity in incoming municipal water supply over past 2 weeks,Replace 5-micron spun polypropylene pre-filter and 10-inch CTO carbon block,1700,0.6,Medium,Water Plant Technician,2025-07-10,Pre-filters replaced. Flow rate restored to 50 LPH at 60 PSI.,Resolved
1058,RO Water Purifier,RO-011,Sports Complex,Drinking water tastes salty and TDS meter reading above 450 ppm (normal < 100).,"Salty/mineral taste, elevated TDS reading, membrane pressure high",Thin Film Composite (TFC) RO membrane scaling and salt passage leakage,Calcium carbonate scale buildup rupturing membrane layers due to antiscalant dosing lapse,Sanitize filter housings and replace 75 GPD Dow Filmtec RO membrane,3600,1.7,High,Water Plant Specialist,2025-06-21,New RO membrane installed. Output TDS measured at 62 ppm.,Resolved
1059,RO Water Purifier,RO-005,Student Mess Floor 1,Drinking water tastes salty and TDS meter reading above 450 ppm (normal < 100).,"Salty/mineral taste, elevated TDS reading, membrane pressure high",Thin Film Composite (TFC) RO membrane scaling and salt passage leakage,Calcium carbonate scale buildup rupturing membrane layers due to antiscalant dosing lapse,Sanitize filter housings and replace 75 GPD Dow Filmtec RO membrane,3600,1.0,High,Water Plant Specialist,2026-04-17,New RO membrane installed. Output TDS measured at 62 ppm.,Resolved
1060,Electrical Panel,EP-028,Auditorium Main Switchboard,Smell of burning insulation and humming sound coming from main electrical distribution board.,"Pungent ozone/burning plastic smell, audible 50Hz arcing hum, warm panel exterior",Loose terminal lug on R-phase 200A MCCB busbar connection causing thermal hot-spot,Thermal cycling loosening bolted terminal connection leading to high contact resistance,"De-energize panel, re-crimp burned lug, torque all busbar connections, apply torque seal",2350,2.0,Critical,Senior Electrical Engineer,2026-05-09,Thermographic scan verified: Hot spot reduced from 112°C to 38°C under load.,Verified & Closed
1061,Electrical Panel,EP-023,Engineering Block LT Room,Smell of burning insulation and humming sound coming from main electrical distribution board.,"Pungent ozone/burning plastic smell, audible 50Hz arcing hum, warm panel exterior",Loose terminal lug on R-phase 200A MCCB busbar connection causing thermal hot-spot,Thermal cycling loosening bolted terminal connection leading to high contact resistance,"De-energize panel, re-crimp burned lug, torque all busbar connections, apply torque seal",3200,2.5,Critical,Senior Electrical Engineer,2026-02-13,Thermographic scan verified: Hot spot reduced from 112°C to 38°C under load.,Resolved
1062,Electrical Panel,EP-040,Hostel Main DB,Smell of burning insulation and humming sound coming from main electrical distribution board.,"Pungent ozone/burning plastic smell, audible 50Hz arcing hum, warm panel exterior",Loose terminal lug on R-phase 200A MCCB busbar connection causing thermal hot-spot,Thermal cycling loosening bolted terminal connection leading to high contact resistance,"De-energize panel, re-crimp burned lug, torque all busbar connections, apply torque seal",3150,2.8,Critical,Senior Electrical Engineer,2026-04-11,Thermographic scan verified: Hot spot reduced from 112°C to 38°C under load.,Preventive Maintenance Completed
1063,Electrical Panel,EP-027,Auditorium Main Switchboard,Smell of burning insulation and humming sound coming from main electrical distribution board.,"Pungent ozone/burning plastic smell, audible 50Hz arcing hum, warm panel exterior",Loose terminal lug on R-phase 200A MCCB busbar connection causing thermal hot-spot,Thermal cycling loosening bolted terminal connection leading to high contact resistance,"De-energize panel, re-crimp burned lug, torque all busbar connections, apply torque seal",2900,2.6,Critical,Senior Electrical Engineer,2026-08-22,Thermographic scan verified: Hot spot reduced from 112°C to 38°C under load.,Resolved
1064,CCTV Camera,CAM-018,Library Entrance,Camera video feed showing black screen at night and washed-out glare during day.,"Night vision infrared failed, pinkish hue in daylight, camera online on network",IR cut filter mechanical solenoid stuck in day position,Moisture ingress jamming delicate mechanical filter shift shutter,"Disassemble camera housing, replace silica desiccant, clean filter solenoid track",1600,1.4,Low,Security Systems Technician,2026-04-06,Resealed camera housing with IP67 silicone gasket. Day/night switching verified.,Resolved
1065,CCTV Camera,CAM-031,Campus Main Gate,Camera video feed showing black screen at night and washed-out glare during day.,"Night vision infrared failed, pinkish hue in daylight, camera online on network",IR cut filter mechanical solenoid stuck in day position,Moisture ingress jamming delicate mechanical filter shift shutter,"Disassemble camera housing, replace silica desiccant, clean filter solenoid track",1000,1.4,Low,Security Systems Technician,2026-02-01,Resealed camera housing with IP67 silicone gasket. Day/night switching verified.,Resolved
1066,CCTV Camera,CAM-015,Parking Lot North,Camera video feed showing black screen at night and washed-out glare during day.,"Night vision infrared failed, pinkish hue in daylight, camera online on network",IR cut filter mechanical solenoid stuck in day position,Moisture ingress jamming delicate mechanical filter shift shutter,"Disassemble camera housing, replace silica desiccant, clean filter solenoid track",800,1.3,Low,Security Systems Technician,2026-01-31,Resealed camera housing with IP67 silicone gasket. Day/night switching verified.,Resolved
1067,Network Switch,SW-018,IT Rack - Floor 2,Entire department experiencing intermittent Wi-Fi drops and packet loss.,"High latency ping spikes, PoE access points rebooting, switch status LED amber",PoE power supply unit over-temperature shutdown due to internal fan dust lock,Blocked exhaust vent on 48-port PoE switch causing PSU thermal protection trip,"Clean rack dust filters, replace switch chassis fan, rebalance PoE power budget",2800,1.5,High,Network Administrator,2025-09-22,Switch firmware updated and internal temperature dropped from 68°C to 41°C.,Resolved
1068,Network Switch,SW-002,Admin Switch Closet,Entire department experiencing intermittent Wi-Fi drops and packet loss.,"High latency ping spikes, PoE access points rebooting, switch status LED amber",PoE power supply unit over-temperature shutdown due to internal fan dust lock,Blocked exhaust vent on 48-port PoE switch causing PSU thermal protection trip,"Clean rack dust filters, replace switch chassis fan, rebalance PoE power budget",2000,1.2,High,Network Administrator,2026-05-21,Switch firmware updated and internal temperature dropped from 68°C to 41°C.,Preventive Maintenance Completed
1069,Network Switch,SW-003,Admin Switch Closet,Entire department experiencing intermittent Wi-Fi drops and packet loss.,"High latency ping spikes, PoE access points rebooting, switch status LED amber",PoE power supply unit over-temperature shutdown due to internal fan dust lock,Blocked exhaust vent on 48-port PoE switch causing PSU thermal protection trip,"Clean rack dust filters, replace switch chassis fan, rebalance PoE power budget",2700,1.4,High,Network Administrator,2026-05-28,Switch firmware updated and internal temperature dropped from 68°C to 41°C.,Resolved
1070,Air Conditioner,AC-039,Seminar Hall,AC is not cooling properly and is making a loud rattling noise.,"Insufficient cooling, abnormal rattling sound from indoor unit, low airflow",Blower fan motor bearing wear and dust accumulation on evaporator coil,Restricted airflow due to heavy dust accumulation and fan motor bearing degradation,"Clean indoor evaporator coil, inspect blower fan assembly, lubricate/replace bearings",1700,1.9,Medium,HVAC Specialist,2025-04-11,"Coil cleaned with chemical wash, blower fan aligned and balanced. Cooling restored to 18°C.",Resolved
1071,Air Conditioner,AC-003,Admin Block - Room 102,AC is not cooling properly and is making a loud rattling noise.,"Insufficient cooling, abnormal rattling sound from indoor unit, low airflow",Blower fan motor bearing wear and dust accumulation on evaporator coil,Restricted airflow due to heavy dust accumulation and fan motor bearing degradation,"Clean indoor evaporator coil, inspect blower fan assembly, lubricate/replace bearings",1500,2.0,Medium,HVAC Specialist,2025-06-27,"Coil cleaned with chemical wash, blower fan aligned and balanced. Cooling restored to 18°C.",Verified & Closed
1072,Air Conditioner,AC-024,Server Room A,AC is not cooling properly and is making a loud rattling noise.,"Insufficient cooling, abnormal rattling sound from indoor unit, low airflow",Blower fan motor bearing wear and dust accumulation on evaporator coil,Restricted airflow due to heavy dust accumulation and fan motor bearing degradation,"Clean indoor evaporator coil, inspect blower fan assembly, lubricate/replace bearings",1600,2.4,Medium,HVAC Specialist,2025-07-02,"Coil cleaned with chemical wash, blower fan aligned and balanced. Cooling restored to 18°C.",Verified & Closed
1073,Air Conditioner,AC-043,Library 2nd Floor,AC tripping the circuit breaker immediately after turning on compressor.,"Power trip on startup, compressor buzzing sound, no cold air",Compressor run capacitor blown and high starting current,Degraded 45uF starting capacitor causing compressor rotor lock and breaker trip,Replace dual run/start capacitor (45+5 uF) and test compressor winding resistance,1800,1.3,High,HVAC Specialist,2026-05-12,Capacitor replaced. Startup current measured at 9.2A (within safe limit).,Resolved
1074,Air Conditioner,AC-026,Library 2nd Floor,AC tripping the circuit breaker immediately after turning on compressor.,"Power trip on startup, compressor buzzing sound, no cold air",Compressor run capacitor blown and high starting current,Degraded 45uF starting capacitor causing compressor rotor lock and breaker trip,Replace dual run/start capacitor (45+5 uF) and test compressor winding resistance,2300,1.1,High,HVAC Specialist,2025-11-18,Capacitor replaced. Startup current measured at 9.2A (within safe limit).,Resolved
1075,Air Conditioner,AC-044,Seminar Hall,AC tripping the circuit breaker immediately after turning on compressor.,"Power trip on startup, compressor buzzing sound, no cold air",Compressor run capacitor blown and high starting current,Degraded 45uF starting capacitor causing compressor rotor lock and breaker trip,Replace dual run/start capacitor (45+5 uF) and test compressor winding resistance,2450,1.3,High,HVAC Specialist,2026-03-22,Capacitor replaced. Startup current measured at 9.2A (within safe limit).,Resolved
1076,Air Conditioner,AC-020,Computer Lab 1,AC tripping the circuit breaker immediately after turning on compressor.,"Power trip on startup, compressor buzzing sound, no cold air",Compressor run capacitor blown and high starting current,Degraded 45uF starting capacitor causing compressor rotor lock and breaker trip,Replace dual run/start capacitor (45+5 uF) and test compressor winding resistance,1600,1.2,High,HVAC Specialist,2025-11-27,Capacitor replaced. Startup current measured at 9.2A (within safe limit).,Resolved
1077,Air Conditioner,AC-030,Library 2nd Floor,Water leaking continuously from the indoor split AC unit inside lab.,"Water dripping down classroom wall, ice forming on indoor coil",Clogged condensate drain pipe and dirty filter mesh,Algae and dust blockage in drain tray outlet causing overflow,"Clear condensate drain line with nitrogen blow, clean drain pan and filters",1250,1.1,Medium,AC Technician,2025-06-21,Flushed drain pipe. Water drain slope verified with 2L flush test.,Resolved
1078,Air Conditioner,AC-043,Computer Lab 3,Water leaking continuously from the indoor split AC unit inside lab.,"Water dripping down classroom wall, ice forming on indoor coil",Clogged condensate drain pipe and dirty filter mesh,Algae and dust blockage in drain tray outlet causing overflow,"Clear condensate drain line with nitrogen blow, clean drain pan and filters",1050,1.0,Medium,AC Technician,2026-06-22,Flushed drain pipe. Water drain slope verified with 2L flush test.,Resolved
1079,Air Conditioner,AC-006,Library 2nd Floor,Water leaking continuously from the indoor split AC unit inside lab.,"Water dripping down classroom wall, ice forming on indoor coil",Clogged condensate drain pipe and dirty filter mesh,Algae and dust blockage in drain tray outlet causing overflow,"Clear condensate drain line with nitrogen blow, clean drain pan and filters",1450,0.9,Medium,AC Technician,2026-01-19,Flushed drain pipe. Water drain slope verified with 2L flush test.,Verified & Closed
1080,Air Conditioner,AC-002,Computer Lab 3,Water leaking continuously from the indoor split AC unit inside lab.,"Water dripping down classroom wall, ice forming on indoor coil",Clogged condensate drain pipe and dirty filter mesh,Algae and dust blockage in drain tray outlet causing overflow,"Clear condensate drain line with nitrogen blow, clean drain pan and filters",1050,1.2,Medium,AC Technician,2026-07-31,Flushed drain pipe. Water drain slope verified with 2L flush test.,Resolved
1081,Air Conditioner,AC-027,Faculty Lounge,"AC blowing warm air, outdoor unit fan running but compressor silent.","Warm air discharge, outdoor condenser fan active, no cooling effect",Refrigerant R-410A low pressure leak at flare nut connection,Vibration-induced micro-crack in suction line flare joint resulting in gas leakage,"Perform nitrogen pressure leak test, re-flare joint, vacuum system and recharge R-410A",5050,3.2,High,Senior HVAC Technician,2026-03-01,Leak sealed at flare connection. Gas charged to 125 PSI. Delta-T across coil is 14°C.,Resolved
1082,Air Conditioner,AC-007,Computer Lab 1,"AC blowing warm air, outdoor unit fan running but compressor silent.","Warm air discharge, outdoor condenser fan active, no cooling effect",Refrigerant R-410A low pressure leak at flare nut connection,Vibration-induced micro-crack in suction line flare joint resulting in gas leakage,"Perform nitrogen pressure leak test, re-flare joint, vacuum system and recharge R-410A",4350,2.8,High,Senior HVAC Technician,2025-07-08,Leak sealed at flare connection. Gas charged to 125 PSI. Delta-T across coil is 14°C.,Preventive Maintenance Completed
1083,Air Conditioner,AC-004,Faculty Lounge,AC display showing error code E4 and shutting down within 5 minutes.,"Error code E4 on panel, unexpected thermal shutdown, intermittent cooling",Room ambient temperature sensor open circuit / resistance drift,Corroded NTC thermistor sensor lead due to ambient humidity,Replace 10k NTC copper coil and ambient temperature thermistor harness,1750,0.6,Low,AC Technician,2026-01-04,New NTC sensor calibrated and sealed with heat shrink.,Resolved
1084,Air Conditioner,AC-043,Faculty Lounge,AC display showing error code E4 and shutting down within 5 minutes.,"Error code E4 on panel, unexpected thermal shutdown, intermittent cooling",Room ambient temperature sensor open circuit / resistance drift,Corroded NTC thermistor sensor lead due to ambient humidity,Replace 10k NTC copper coil and ambient temperature thermistor harness,1650,0.9,Low,AC Technician,2025-10-27,New NTC sensor calibrated and sealed with heat shrink.,Resolved
1085,Air Conditioner,AC-028,Chemistry Lab,AC display showing error code E4 and shutting down within 5 minutes.,"Error code E4 on panel, unexpected thermal shutdown, intermittent cooling",Room ambient temperature sensor open circuit / resistance drift,Corroded NTC thermistor sensor lead due to ambient humidity,Replace 10k NTC copper coil and ambient temperature thermistor harness,1050,0.9,Low,AC Technician,2025-06-17,New NTC sensor calibrated and sealed with heat shrink.,Resolved
1086,Air Conditioner,AC-016,Admin Block - Room 102,AC display showing error code E4 and shutting down within 5 minutes.,"Error code E4 on panel, unexpected thermal shutdown, intermittent cooling",Room ambient temperature sensor open circuit / resistance drift,Corroded NTC thermistor sensor lead due to ambient humidity,Replace 10k NTC copper coil and ambient temperature thermistor harness,1650,0.9,Low,AC Technician,2025-12-07,New NTC sensor calibrated and sealed with heat shrink.,Resolved
1087,Diesel Generator,DG-029,Hostel Block C Yard,Diesel Generator fails to crank or start during main grid power outage.,"Clicking starter solenoid sound, instrument cluster dimming, engine not rotating",Lead-acid starter battery pack deep discharge and terminal sulfation,Faulty float trickle battery charger failing to maintain 24V DC auxiliary bus,"Clean battery terminals, replace battery charger unit, jump-start and load-test battery bank",7400,1.9,Critical,Power Systems Engineer,2026-06-29,Battery bank reconditioned. New 24V smart float charger installed. Cranking voltage tested at 22.8V.,Resolved
1088,Diesel Generator,DG-035,Hostel Block C Yard,Diesel Generator fails to crank or start during main grid power outage.,"Clicking starter solenoid sound, instrument cluster dimming, engine not rotating",Lead-acid starter battery pack deep discharge and terminal sulfation,Faulty float trickle battery charger failing to maintain 24V DC auxiliary bus,"Clean battery terminals, replace battery charger unit, jump-start and load-test battery bank",5050,1.7,Critical,Power Systems Engineer,2026-06-26,Battery bank reconditioned. New 24V smart float charger installed. Cranking voltage tested at 22.8V.,Resolved
1089,Diesel Generator,DG-005,Science Block Basement,Generator starting but shutting down after 30 seconds with Over-Frequency alarm.,"Engine hunting/surging, erratic RPM, automatic trip on governing fault",Mechanical governor linkage sticking and fuel injection pump air lock,Contaminated diesel with particulate buildup in primary fuel filter and sticking governor spring,"Bleed fuel line, replace primary/secondary fuel filters, lubricate actuator linkage",4850,2.5,High,Diesel Mechanic,2025-07-19,Fuel filters replaced. Governor response tested at 50Hz under 60% step load.,Resolved
1090,Diesel Generator,DG-014,Power Substation Yard,Generator starting but shutting down after 30 seconds with Over-Frequency alarm.,"Engine hunting/surging, erratic RPM, automatic trip on governing fault",Mechanical governor linkage sticking and fuel injection pump air lock,Contaminated diesel with particulate buildup in primary fuel filter and sticking governor spring,"Bleed fuel line, replace primary/secondary fuel filters, lubricate actuator linkage",4750,3.4,High,Diesel Mechanic,2025-07-13,Fuel filters replaced. Governor response tested at 50Hz under 60% step load.,Resolved
1091,Diesel Generator,DG-037,Power Substation Yard,High coolant temperature alarm triggering within 10 minutes of full load running.,"Coolant temperature exceeding 98°C, radiator fan belt loose, coolant level dropping",Radiator fin clogging and slipping v-belt drive on water pump,Dry dust accumulation in radiator core and worn tensioner pulley,"High-pressure air clean radiator fins, replace tensioner and v-belt, top up ethylene glycol coolant",4750,1.5,High,Mechanical Technician,2025-08-23,Radiator backwashed. Belt tension set to spec. Operating temp stable at 84°C under full load.,Resolved
1092,Diesel Generator,DG-027,Hospital Backup Yard,High coolant temperature alarm triggering within 10 minutes of full load running.,"Coolant temperature exceeding 98°C, radiator fan belt loose, coolant level dropping",Radiator fin clogging and slipping v-belt drive on water pump,Dry dust accumulation in radiator core and worn tensioner pulley,"High-pressure air clean radiator fins, replace tensioner and v-belt, top up ethylene glycol coolant",4750,1.7,High,Mechanical Technician,2026-02-03,Radiator backwashed. Belt tension set to spec. Operating temp stable at 84°C under full load.,Resolved
1093,Diesel Generator,DG-025,Power Substation Yard,High coolant temperature alarm triggering within 10 minutes of full load running.,"Coolant temperature exceeding 98°C, radiator fan belt loose, coolant level dropping",Radiator fin clogging and slipping v-belt drive on water pump,Dry dust accumulation in radiator core and worn tensioner pulley,"High-pressure air clean radiator fins, replace tensioner and v-belt, top up ethylene glycol coolant",4450,2.2,High,Mechanical Technician,2025-10-07,Radiator backwashed. Belt tension set to spec. Operating temp stable at 84°C under full load.,Verified & Closed
1094,Diesel Generator,DG-040,Science Block Basement,High coolant temperature alarm triggering within 10 minutes of full load running.,"Coolant temperature exceeding 98°C, radiator fan belt loose, coolant level dropping",Radiator fin clogging and slipping v-belt drive on water pump,Dry dust accumulation in radiator core and worn tensioner pulley,"High-pressure air clean radiator fins, replace tensioner and v-belt, top up ethylene glycol coolant",4400,2.1,High,Mechanical Technician,2026-08-20,Radiator backwashed. Belt tension set to spec. Operating temp stable at 84°C under full load.,Resolved
1095,Elevator,LIFT-009,Library Central,Elevator doors repeatedly closing and reopening without passenger obstruction.,"Door cycle looping 4-5 times at Floor 2, door motor straining, buzzer sounding",Infrared door safety light curtain sensor misalignment and optical lens smudge,Dust coating on lower infrared emitter diodes causing false beam interruption trigger,"Clean optical lenses, align transmitter and receiver strips, calibrate sensitivity",1550,1.1,High,Elevator Specialist,2025-06-01,Photocell curtain realigned and tested across all 128 beams.,Resolved
1096,Elevator,LIFT-030,Admin Tower,Elevator doors repeatedly closing and reopening without passenger obstruction.,"Door cycle looping 4-5 times at Floor 2, door motor straining, buzzer sounding",Infrared door safety light curtain sensor misalignment and optical lens smudge,Dust coating on lower infrared emitter diodes causing false beam interruption trigger,"Clean optical lenses, align transmitter and receiver strips, calibrate sensitivity",1850,1.8,High,Elevator Specialist,2025-10-17,Photocell curtain realigned and tested across all 128 beams.,Resolved
1097,Elevator,LIFT-006,Hostel Block 1,Elevator car making grinding sound and vibrating heavily during descent.,"Audible metal screeching, noticeable shuddering between Floors 3 and 4",Guide rail lubrication depletion and guide shoe roller wear,Empty automatic oil lubricator cup and worn nylon guide shoe liner,"Replace guide shoe inserts, clean rail track, refill ISO VG 68 guide rail oil",4050,3.6,High,Senior Lift Engineer,2025-05-23,Replaced four guide shoe liners. Ride quality index tested smooth.,Resolved
1098,Elevator,LIFT-015,Hostel Block 1,Elevator car making grinding sound and vibrating heavily during descent.,"Audible metal screeching, noticeable shuddering between Floors 3 and 4",Guide rail lubrication depletion and guide shoe roller wear,Empty automatic oil lubricator cup and worn nylon guide shoe liner,"Replace guide shoe inserts, clean rail track, refill ISO VG 68 guide rail oil",7150,3.9,High,Senior Lift Engineer,2026-07-08,Replaced four guide shoe liners. Ride quality index tested smooth.,Resolved
1099,Elevator,LIFT-016,Academic Block A - Core,Elevator car making grinding sound and vibrating heavily during descent.,"Audible metal screeching, noticeable shuddering between Floors 3 and 4",Guide rail lubrication depletion and guide shoe roller wear,Empty automatic oil lubricator cup and worn nylon guide shoe liner,"Replace guide shoe inserts, clean rail track, refill ISO VG 68 guide rail oil",7400,2.5,High,Senior Lift Engineer,2026-02-24,Replaced four guide shoe liners. Ride quality index tested smooth.,Resolved
1100,Elevator,LIFT-043,Library Central,Elevator stopping 2 inches below floor level at Ground Floor.,"Floor leveling discrepancy, trip hazard step, floor position reset required",Magnetic floor vane reader sensor bracket loose,Loose mounting bolt on shaft leveling sensor causing delayed trigger signal,Tighten and recalibrate floor leveling magnets and shaft position encoder,2950,2.4,Critical,Elevator Specialist,2026-05-22,Sensor repositioned with threadlocker. Leveling precision ±3mm achieved.,Resolved
1101,Elevator,LIFT-024,Hostel Block 1,Elevator stopping 2 inches below floor level at Ground Floor.,"Floor leveling discrepancy, trip hazard step, floor position reset required",Magnetic floor vane reader sensor bracket loose,Loose mounting bolt on shaft leveling sensor causing delayed trigger signal,Tighten and recalibrate floor leveling magnets and shaft position encoder,3000,2.1,Critical,Elevator Specialist,2026-03-29,Sensor repositioned with threadlocker. Leveling precision ±3mm achieved.,Resolved
1102,Water Pump,WP-020,Hostel Water Treatment Plant,Water pump running continuously but delivering very low water pressure to top floors.,"Pump motor humming loudly, zero pressure gauge reading, air in pipeline",Suction foot valve stuck partially open and suction line priming lost,Debris lodged in brass foot valve disc preventing positive prime holding,"Dismantle foot valve, clear silt debris, re-prime suction manifold and replace gasket",2650,1.5,High,Plumber & Pump Specialist,2026-05-29,Foot valve replaced with stainless steel mesh strainer. Priming restored.,Resolved
1103,Water Pump,WP-026,Cafeteria Utility Area,Water pump running continuously but delivering very low water pressure to top floors.,"Pump motor humming loudly, zero pressure gauge reading, air in pipeline",Suction foot valve stuck partially open and suction line priming lost,Debris lodged in brass foot valve disc preventing positive prime holding,"Dismantle foot valve, clear silt debris, re-prime suction manifold and replace gasket",1650,2.1,High,Plumber & Pump Specialist,2026-02-25,Foot valve replaced with stainless steel mesh strainer. Priming restored.,Verified & Closed
1104,Water Pump,WP-045,Main Overhead Tank Sub-station,Water leaking heavily from pump shaft seal and motor tripping on thermal relay.,"Water puddle around pump base, motor casing hot to touch, breaker tripping",Mechanical shaft seal face cracked and motor bearing water ingress,Dry running of pump causing ceramic-carbon seal face thermal shock,"Replace mechanical ceramic seal, repack shaft gland, test motor dry-run sensor",4500,3.0,High,Pump Technician,2025-11-12,Replaced mechanical seal and fitted dry-run float switch protector.,Verified & Closed
1105,Water Pump,WP-023,Main Overhead Tank Sub-station,Water leaking heavily from pump shaft seal and motor tripping on thermal relay.,"Water puddle around pump base, motor casing hot to touch, breaker tripping",Mechanical shaft seal face cracked and motor bearing water ingress,Dry running of pump causing ceramic-carbon seal face thermal shock,"Replace mechanical ceramic seal, repack shaft gland, test motor dry-run sensor",4150,2.6,High,Pump Technician,2025-07-05,Replaced mechanical seal and fitted dry-run float switch protector.,Resolved
1106,Classroom Projector,PRJ-027,Lecture Hall 101,Projector turning on for 2 minutes then shutting down with blinking red Temp light.,"Rapid shutdown, red Temp warning LED, loud exhaust fan whining",Thermal sensor cutoff due to blocked intake air filter and dust on fan blades,Dust accumulation clogging intake sponge filter preventing heat dissipation from lamp module,"Deep clean air filter sponge, blow out optical engine compartment, inspect fan RPM",700,0.7,Medium,AV Technician,2025-05-03,Filter washed and dried. Thermal sensor readings normalized.,Resolved
1107,Classroom Projector,PRJ-010,Auditorium Main,Projector turning on for 2 minutes then shutting down with blinking red Temp light.,"Rapid shutdown, red Temp warning LED, loud exhaust fan whining",Thermal sensor cutoff due to blocked intake air filter and dust on fan blades,Dust accumulation clogging intake sponge filter preventing heat dissipation from lamp module,"Deep clean air filter sponge, blow out optical engine compartment, inspect fan RPM",750,0.9,Medium,AV Technician,2025-06-28,Filter washed and dried. Thermal sensor readings normalized.,Preventive Maintenance Completed
1108,Classroom Projector,PRJ-040,Seminar Room B,Projector turning on for 2 minutes then shutting down with blinking red Temp light.,"Rapid shutdown, red Temp warning LED, loud exhaust fan whining",Thermal sensor cutoff due to blocked intake air filter and dust on fan blades,Dust accumulation clogging intake sponge filter preventing heat dissipation from lamp module,"Deep clean air filter sponge, blow out optical engine compartment, inspect fan RPM",1050,0.7,Medium,AV Technician,2025-05-09,Filter washed and dried. Thermal sensor readings normalized.,Resolved
1109,Classroom Projector,PRJ-016,Seminar Room B,Projector displays 'No Signal' despite HDMI cable connected securely to laptop.,"Blue screen standby, HDMI source unacknowledged, cable pins loose",Damaged HDMI wall plate receptacle and cracked internal solder trace,Repeated mechanical tugging on wall HDMI port causing physical pin fracture,Replace wall plate HDMI 2.0 female-female connector module and patch cord,1050,0.9,Medium,AV Technician,2026-06-20,Replaced wall socket module with reinforced metal pass-through.,Resolved
1110,Classroom Projector,PRJ-037,Auditorium Main,Projector displays 'No Signal' despite HDMI cable connected securely to laptop.,"Blue screen standby, HDMI source unacknowledged, cable pins loose",Damaged HDMI wall plate receptacle and cracked internal solder trace,Repeated mechanical tugging on wall HDMI port causing physical pin fracture,Replace wall plate HDMI 2.0 female-female connector module and patch cord,1100,0.5,Medium,AV Technician,2025-08-24,Replaced wall socket module with reinforced metal pass-through.,Verified & Closed
1111,Classroom Projector,PRJ-032,Lecture Hall 204,Projector displays 'No Signal' despite HDMI cable connected securely to laptop.,"Blue screen standby, HDMI source unacknowledged, cable pins loose",Damaged HDMI wall plate receptacle and cracked internal solder trace,Repeated mechanical tugging on wall HDMI port causing physical pin fracture,Replace wall plate HDMI 2.0 female-female connector module and patch cord,1150,0.9,Medium,AV Technician,2026-02-11,Replaced wall socket module with reinforced metal pass-through.,Resolved
1112,Classroom Projector,PRJ-036,Seminar Room B,Projector image shows severe yellow discoloration and flickering color band.,"Distorted color matrix, flickering tint, faint grinding sound from optical chamber",DLP color wheel indexing sensor dirty / motor bearing seizure,Dust layer on color wheel optical optocoupler sensor disc,Clean optical color wheel sensor with isopropanol and realign optical path,2850,2.4,Medium,Senior AV Specialist,2026-09-06,Color wheel cleaned. RGB calibration completed with test pattern.,Resolved
1113,Classroom Projector,PRJ-032,Auditorium Main,Projector image shows severe yellow discoloration and flickering color band.,"Distorted color matrix, flickering tint, faint grinding sound from optical chamber",DLP color wheel indexing sensor dirty / motor bearing seizure,Dust layer on color wheel optical optocoupler sensor disc,Clean optical color wheel sensor with isopropanol and realign optical path,3200,2.0,Medium,Senior AV Specialist,2026-01-13,Color wheel cleaned. RGB calibration completed with test pattern.,Resolved
1114,Classroom Projector,PRJ-002,Auditorium Main,Projector image shows severe yellow discoloration and flickering color band.,"Distorted color matrix, flickering tint, faint grinding sound from optical chamber",DLP color wheel indexing sensor dirty / motor bearing seizure,Dust layer on color wheel optical optocoupler sensor disc,Clean optical color wheel sensor with isopropanol and realign optical path,2400,1.7,Medium,Senior AV Specialist,2026-06-13,Color wheel cleaned. RGB calibration completed with test pattern.,Resolved
1115,Classroom Projector,PRJ-043,Seminar Room B,Projector image shows severe yellow discoloration and flickering color band.,"Distorted color matrix, flickering tint, faint grinding sound from optical chamber",DLP color wheel indexing sensor dirty / motor bearing seizure,Dust layer on color wheel optical optocoupler sensor disc,Clean optical color wheel sensor with isopropanol and realign optical path,2750,2.1,Medium,Senior AV Specialist,2025-09-04,Color wheel cleaned. RGB calibration completed with test pattern.,Resolved
1116,UPS System,UPS-022,Hospital ICU Utility,UPS constantly beeping with 'Battery Weak / Replace' indicator illuminated.,"Audible alert every 5 seconds, backup time dropped from 30 mins to 20 seconds",Sulfated 12V 42Ah SMF batteries with high internal impedance,End of electrochemical battery service life (3+ years) and high operating ambient temperature,"Perform battery conductance test, replace weak battery block, calibrate float voltage",11750,2.2,High,Power Electronics Technician,2025-09-21,4 dead cells in 16-battery string replaced. Battery bank autonomy load-tested to 25 minutes.,Resolved
1117,UPS System,UPS-008,Biotech Lab Annex,UPS constantly beeping with 'Battery Weak / Replace' indicator illuminated.,"Audible alert every 5 seconds, backup time dropped from 30 mins to 20 seconds",Sulfated 12V 42Ah SMF batteries with high internal impedance,End of electrochemical battery service life (3+ years) and high operating ambient temperature,"Perform battery conductance test, replace weak battery block, calibrate float voltage",8550,1.7,High,Power Electronics Technician,2026-03-03,4 dead cells in 16-battery string replaced. Battery bank autonomy load-tested to 25 minutes.,Resolved
1118,UPS System,UPS-013,Biotech Lab Annex,UPS constantly beeping with 'Battery Weak / Replace' indicator illuminated.,"Audible alert every 5 seconds, backup time dropped from 30 mins to 20 seconds",Sulfated 12V 42Ah SMF batteries with high internal impedance,End of electrochemical battery service life (3+ years) and high operating ambient temperature,"Perform battery conductance test, replace weak battery block, calibrate float voltage",12050,2.2,High,Power Electronics Technician,2026-02-07,4 dead cells in 16-battery string replaced. Battery bank autonomy load-tested to 25 minutes.,Resolved
1119,UPS System,UPS-039,Hospital ICU Utility,UPS constantly beeping with 'Battery Weak / Replace' indicator illuminated.,"Audible alert every 5 seconds, backup time dropped from 30 mins to 20 seconds",Sulfated 12V 42Ah SMF batteries with high internal impedance,End of electrochemical battery service life (3+ years) and high operating ambient temperature,"Perform battery conductance test, replace weak battery block, calibrate float voltage",6800,2.7,High,Power Electronics Technician,2025-12-01,4 dead cells in 16-battery string replaced. Battery bank autonomy load-tested to 25 minutes.,Resolved
1120,UPS System,UPS-020,Biotech Lab Annex,UPS switching automatically to Static Bypass mode with Overload error.,"Bypass LED active, inverter offline, cooling fans operating at maximum RPM",Inverter DC-AC bridge heat-sink thermal sensor triggering due to fan failure,Exhaust fan 1 seized up with dust ball causing IGBT heatsink to reach 85°C,"Replace 120mm 24V DC ball bearing exhaust fan, clean heatsink, reset bypass alarm",2450,1.1,High,UPS Engineer,2026-09-02,Replaced cooling fans. UPS transferred back to online inverter mode.,Resolved
1121,UPS System,UPS-036,Main Datacenter,UPS switching automatically to Static Bypass mode with Overload error.,"Bypass LED active, inverter offline, cooling fans operating at maximum RPM",Inverter DC-AC bridge heat-sink thermal sensor triggering due to fan failure,Exhaust fan 1 seized up with dust ball causing IGBT heatsink to reach 85°C,"Replace 120mm 24V DC ball bearing exhaust fan, clean heatsink, reset bypass alarm",1650,1.3,High,UPS Engineer,2025-11-21,Replaced cooling fans. UPS transferred back to online inverter mode.,Verified & Closed
1122,UPS System,UPS-001,Main Datacenter,UPS switching automatically to Static Bypass mode with Overload error.,"Bypass LED active, inverter offline, cooling fans operating at maximum RPM",Inverter DC-AC bridge heat-sink thermal sensor triggering due to fan failure,Exhaust fan 1 seized up with dust ball causing IGBT heatsink to reach 85°C,"Replace 120mm 24V DC ball bearing exhaust fan, clean heatsink, reset bypass alarm",2350,1.2,High,UPS Engineer,2025-11-29,Replaced cooling fans. UPS transferred back to online inverter mode.,Resolved
1123,RO Water Purifier,RO-031,Sports Complex,"Water purifier flow rate has dropped to a trickle, taking 10 mins to fill one bottle.","Very slow permeate flow, high reject water flow ratio, booster pump running continuously",Sediment pre-filter and activated carbon block choked with silt,High turbidity in incoming municipal water supply over past 2 weeks,Replace 5-micron spun polypropylene pre-filter and 10-inch CTO carbon block,1700,0.5,Medium,Water Plant Technician,2026-05-23,Pre-filters replaced. Flow rate restored to 50 LPH at 60 PSI.,Resolved
1124,RO Water Purifier,RO-041,Hostel Block B,"Water purifier flow rate has dropped to a trickle, taking 10 mins to fill one bottle.","Very slow permeate flow, high reject water flow ratio, booster pump running continuously",Sediment pre-filter and activated carbon block choked with silt,High turbidity in incoming municipal water supply over past 2 weeks,Replace 5-micron spun polypropylene pre-filter and 10-inch CTO carbon block,1050,0.6,Medium,Water Plant Technician,2026-07-24,Pre-filters replaced. Flow rate restored to 50 LPH at 60 PSI.,Resolved
1125,RO Water Purifier,RO-016,Student Mess Floor 1,Drinking water tastes salty and TDS meter reading above 450 ppm (normal < 100).,"Salty/mineral taste, elevated TDS reading, membrane pressure high",Thin Film Composite (TFC) RO membrane scaling and salt passage leakage,Calcium carbonate scale buildup rupturing membrane layers due to antiscalant dosing lapse,Sanitize filter housings and replace 75 GPD Dow Filmtec RO membrane,3600,1.8,High,Water Plant Specialist,2026-05-18,New RO membrane installed. Output TDS measured at 62 ppm.,Resolved
1126,RO Water Purifier,RO-015,Hostel Block B,Drinking water tastes salty and TDS meter reading above 450 ppm (normal < 100).,"Salty/mineral taste, elevated TDS reading, membrane pressure high",Thin Film Composite (TFC) RO membrane scaling and salt passage leakage,Calcium carbonate scale buildup rupturing membrane layers due to antiscalant dosing lapse,Sanitize filter housings and replace 75 GPD Dow Filmtec RO membrane,3250,1.5,High,Water Plant Specialist,2025-03-30,New RO membrane installed. Output TDS measured at 62 ppm.,Resolved
1127,RO Water Purifier,RO-028,Hostel Block B,Drinking water tastes salty and TDS meter reading above 450 ppm (normal < 100).,"Salty/mineral taste, elevated TDS reading, membrane pressure high",Thin Film Composite (TFC) RO membrane scaling and salt passage leakage,Calcium carbonate scale buildup rupturing membrane layers due to antiscalant dosing lapse,Sanitize filter housings and replace 75 GPD Dow Filmtec RO membrane,3650,1.6,High,Water Plant Specialist,2025-11-08,New RO membrane installed. Output TDS measured at 62 ppm.,Resolved
1128,Electrical Panel,EP-014,Engineering Block LT Room,Smell of burning insulation and humming sound coming from main electrical distribution board.,"Pungent ozone/burning plastic smell, audible 50Hz arcing hum, warm panel exterior",Loose terminal lug on R-phase 200A MCCB busbar connection causing thermal hot-spot,Thermal cycling loosening bolted terminal connection leading to high contact resistance,"De-energize panel, re-crimp burned lug, torque all busbar connections, apply torque seal",3250,2.5,Critical,Senior Electrical Engineer,2026-02-12,Thermographic scan verified: Hot spot reduced from 112°C to 38°C under load.,Resolved
1129,Electrical Panel,EP-036,Auditorium Main Switchboard,Smell of burning insulation and humming sound coming from main electrical distribution board.,"Pungent ozone/burning plastic smell, audible 50Hz arcing hum, warm panel exterior",Loose terminal lug on R-phase 200A MCCB busbar connection causing thermal hot-spot,Thermal cycling loosening bolted terminal connection leading to high contact resistance,"De-energize panel, re-crimp burned lug, torque all busbar connections, apply torque seal",2800,1.5,Critical,Senior Electrical Engineer,2026-07-02,Thermographic scan verified: Hot spot reduced from 112°C to 38°C under load.,Resolved
1130,Electrical Panel,EP-019,Hostel Main DB,Smell of burning insulation and humming sound coming from main electrical distribution board.,"Pungent ozone/burning plastic smell, audible 50Hz arcing hum, warm panel exterior",Loose terminal lug on R-phase 200A MCCB busbar connection causing thermal hot-spot,Thermal cycling loosening bolted terminal connection leading to high contact resistance,"De-energize panel, re-crimp burned lug, torque all busbar connections, apply torque seal",3100,1.9,Critical,Senior Electrical Engineer,2026-08-14,Thermographic scan verified: Hot spot reduced from 112°C to 38°C under load.,Resolved
1131,Electrical Panel,EP-005,Hostel Main DB,Smell of burning insulation and humming sound coming from main electrical distribution board.,"Pungent ozone/burning plastic smell, audible 50Hz arcing hum, warm panel exterior",Loose terminal lug on R-phase 200A MCCB busbar connection causing thermal hot-spot,Thermal cycling loosening bolted terminal connection leading to high contact resistance,"De-energize panel, re-crimp burned lug, torque all busbar connections, apply torque seal",3250,2.7,Critical,Senior Electrical Engineer,2026-01-20,Thermographic scan verified: Hot spot reduced from 112°C to 38°C under load.,Resolved
1132,CCTV Camera,CAM-028,Library Entrance,Camera video feed showing black screen at night and washed-out glare during day.,"Night vision infrared failed, pinkish hue in daylight, camera online on network",IR cut filter mechanical solenoid stuck in day position,Moisture ingress jamming delicate mechanical filter shift shutter,"Disassemble camera housing, replace silica desiccant, clean filter solenoid track",1350,1.1,Low,Security Systems Technician,2026-05-22,Resealed camera housing with IP67 silicone gasket. Day/night switching verified.,Resolved
1133,CCTV Camera,CAM-010,Parking Lot North,Camera video feed showing black screen at night and washed-out glare during day.,"Night vision infrared failed, pinkish hue in daylight, camera online on network",IR cut filter mechanical solenoid stuck in day position,Moisture ingress jamming delicate mechanical filter shift shutter,"Disassemble camera housing, replace silica desiccant, clean filter solenoid track",850,1.1,Low,Security Systems Technician,2026-07-05,Resealed camera housing with IP67 silicone gasket. Day/night switching verified.,Resolved
1134,CCTV Camera,CAM-019,Corridor Block 3,Camera video feed showing black screen at night and washed-out glare during day.,"Night vision infrared failed, pinkish hue in daylight, camera online on network",IR cut filter mechanical solenoid stuck in day position,Moisture ingress jamming delicate mechanical filter shift shutter,"Disassemble camera housing, replace silica desiccant, clean filter solenoid track",900,1.2,Low,Security Systems Technician,2025-06-24,Resealed camera housing with IP67 silicone gasket. Day/night switching verified.,Resolved
1135,CCTV Camera,CAM-018,Hostel Perimeter West,Camera video feed showing black screen at night and washed-out glare during day.,"Night vision infrared failed, pinkish hue in daylight, camera online on network",IR cut filter mechanical solenoid stuck in day position,Moisture ingress jamming delicate mechanical filter shift shutter,"Disassemble camera housing, replace silica desiccant, clean filter solenoid track",1350,1.2,Low,Security Systems Technician,2025-04-22,Resealed camera housing with IP67 silicone gasket. Day/night switching verified.,Resolved
1136,Network Switch,SW-021,Hostel Wi-Fi Distribution,Entire department experiencing intermittent Wi-Fi drops and packet loss.,"High latency ping spikes, PoE access points rebooting, switch status LED amber",PoE power supply unit over-temperature shutdown due to internal fan dust lock,Blocked exhaust vent on 48-port PoE switch causing PSU thermal protection trip,"Clean rack dust filters, replace switch chassis fan, rebalance PoE power budget",1550,1.1,High,Network Administrator,2026-01-03,Switch firmware updated and internal temperature dropped from 68°C to 41°C.,Preventive Maintenance Completed
1137,Network Switch,SW-044,IT Rack - Floor 2,Entire department experiencing intermittent Wi-Fi drops and packet loss.,"High latency ping spikes, PoE access points rebooting, switch status LED amber",PoE power supply unit over-temperature shutdown due to internal fan dust lock,Blocked exhaust vent on 48-port PoE switch causing PSU thermal protection trip,"Clean rack dust filters, replace switch chassis fan, rebalance PoE power budget",2650,1.0,High,Network Administrator,2025-12-15,Switch firmware updated and internal temperature dropped from 68°C to 41°C.,Verified & Closed
1138,Air Conditioner,AC-042,Chemistry Lab,AC is not cooling properly and is making a loud rattling noise.,"Insufficient cooling, abnormal rattling sound from indoor unit, low airflow",Blower fan motor bearing wear and dust accumulation on evaporator coil,Restricted airflow due to heavy dust accumulation and fan motor bearing degradation,"Clean indoor evaporator coil, inspect blower fan assembly, lubricate/replace bearings",2050,1.7,Medium,HVAC Specialist,2025-06-21,"Coil cleaned with chemical wash, blower fan aligned and balanced. Cooling restored to 18°C.",Resolved
1139,Air Conditioner,AC-006,Faculty Lounge,AC is not cooling properly and is making a loud rattling noise.,"Insufficient cooling, abnormal rattling sound from indoor unit, low airflow",Blower fan motor bearing wear and dust accumulation on evaporator coil,Restricted airflow due to heavy dust accumulation and fan motor bearing degradation,"Clean indoor evaporator coil, inspect blower fan assembly, lubricate/replace bearings",2200,1.9,Medium,HVAC Specialist,2025-05-23,"Coil cleaned with chemical wash, blower fan aligned and balanced. Cooling restored to 18°C.",Resolved
1140,Air Conditioner,AC-011,Computer Lab 2,AC is not cooling properly and is making a loud rattling noise.,"Insufficient cooling, abnormal rattling sound from indoor unit, low airflow",Blower fan motor bearing wear and dust accumulation on evaporator coil,Restricted airflow due to heavy dust accumulation and fan motor bearing degradation,"Clean indoor evaporator coil, inspect blower fan assembly, lubricate/replace bearings",2300,2.2,Medium,HVAC Specialist,2025-10-14,"Coil cleaned with chemical wash, blower fan aligned and balanced. Cooling restored to 18°C.",Resolved
1141,Air Conditioner,AC-003,Chemistry Lab,AC tripping the circuit breaker immediately after turning on compressor.,"Power trip on startup, compressor buzzing sound, no cold air",Compressor run capacitor blown and high starting current,Degraded 45uF starting capacitor causing compressor rotor lock and breaker trip,Replace dual run/start capacitor (45+5 uF) and test compressor winding resistance,1350,1.2,High,HVAC Specialist,2025-06-08,Capacitor replaced. Startup current measured at 9.2A (within safe limit).,Resolved
1142,Air Conditioner,AC-033,Seminar Hall,AC tripping the circuit breaker immediately after turning on compressor.,"Power trip on startup, compressor buzzing sound, no cold air",Compressor run capacitor blown and high starting current,Degraded 45uF starting capacitor causing compressor rotor lock and breaker trip,Replace dual run/start capacitor (45+5 uF) and test compressor winding resistance,2300,1.2,High,HVAC Specialist,2026-09-15,Capacitor replaced. Startup current measured at 9.2A (within safe limit).,Resolved
1143,Air Conditioner,AC-024,Chemistry Lab,AC tripping the circuit breaker immediately after turning on compressor.,"Power trip on startup, compressor buzzing sound, no cold air",Compressor run capacitor blown and high starting current,Degraded 45uF starting capacitor causing compressor rotor lock and breaker trip,Replace dual run/start capacitor (45+5 uF) and test compressor winding resistance,2450,1.2,High,HVAC Specialist,2025-04-24,Capacitor replaced. Startup current measured at 9.2A (within safe limit).,Resolved
1144,Air Conditioner,AC-009,Chemistry Lab,Water leaking continuously from the indoor split AC unit inside lab.,"Water dripping down classroom wall, ice forming on indoor coil",Clogged condensate drain pipe and dirty filter mesh,Algae and dust blockage in drain tray outlet causing overflow,"Clear condensate drain line with nitrogen blow, clean drain pan and filters",1200,1.2,Medium,AC Technician,2025-11-26,Flushed drain pipe. Water drain slope verified with 2L flush test.,Resolved
1145,Air Conditioner,AC-041,Computer Lab 1,Water leaking continuously from the indoor split AC unit inside lab.,"Water dripping down classroom wall, ice forming on indoor coil",Clogged condensate drain pipe and dirty filter mesh,Algae and dust blockage in drain tray outlet causing overflow,"Clear condensate drain line with nitrogen blow, clean drain pan and filters",950,0.9,Medium,AC Technician,2026-01-14,Flushed drain pipe. Water drain slope verified with 2L flush test.,Resolved
1146,Air Conditioner,AC-006,Seminar Hall,Water leaking continuously from the indoor split AC unit inside lab.,"Water dripping down classroom wall, ice forming on indoor coil",Clogged condensate drain pipe and dirty filter mesh,Algae and dust blockage in drain tray outlet causing overflow,"Clear condensate drain line with nitrogen blow, clean drain pan and filters",900,1.0,Medium,AC Technician,2026-01-29,Flushed drain pipe. Water drain slope verified with 2L flush test.,Resolved
1147,Air Conditioner,AC-019,Faculty Lounge,"AC blowing warm air, outdoor unit fan running but compressor silent.","Warm air discharge, outdoor condenser fan active, no cooling effect",Refrigerant R-410A low pressure leak at flare nut connection,Vibration-induced micro-crack in suction line flare joint resulting in gas leakage,"Perform nitrogen pressure leak test, re-flare joint, vacuum system and recharge R-410A",4600,3.1,High,Senior HVAC Technician,2025-04-13,Leak sealed at flare connection. Gas charged to 125 PSI. Delta-T across coil is 14°C.,Resolved
1148,Air Conditioner,AC-016,Faculty Lounge,"AC blowing warm air, outdoor unit fan running but compressor silent.","Warm air discharge, outdoor condenser fan active, no cooling effect",Refrigerant R-410A low pressure leak at flare nut connection,Vibration-induced micro-crack in suction line flare joint resulting in gas leakage,"Perform nitrogen pressure leak test, re-flare joint, vacuum system and recharge R-410A",5750,2.7,High,Senior HVAC Technician,2025-06-06,Leak sealed at flare connection. Gas charged to 125 PSI. Delta-T across coil is 14°C.,Resolved
1149,Air Conditioner,AC-009,Chemistry Lab,AC display showing error code E4 and shutting down within 5 minutes.,"Error code E4 on panel, unexpected thermal shutdown, intermittent cooling",Room ambient temperature sensor open circuit / resistance drift,Corroded NTC thermistor sensor lead due to ambient humidity,Replace 10k NTC copper coil and ambient temperature thermistor harness,1150,0.9,Low,AC Technician,2026-07-07,New NTC sensor calibrated and sealed with heat shrink.,Verified & Closed
1150,Air Conditioner,AC-033,Library 2nd Floor,AC display showing error code E4 and shutting down within 5 minutes.,"Error code E4 on panel, unexpected thermal shutdown, intermittent cooling",Room ambient temperature sensor open circuit / resistance drift,Corroded NTC thermistor sensor lead due to ambient humidity,Replace 10k NTC copper coil and ambient temperature thermistor harness,1700,0.5,Low,AC Technician,2025-12-17,New NTC sensor calibrated and sealed with heat shrink.,Resolved
1151,Air Conditioner,AC-038,Dean Office,AC display showing error code E4 and shutting down within 5 minutes.,"Error code E4 on panel, unexpected thermal shutdown, intermittent cooling",Room ambient temperature sensor open circuit / resistance drift,Corroded NTC thermistor sensor lead due to ambient humidity,Replace 10k NTC copper coil and ambient temperature thermistor harness,1750,0.6,Low,AC Technician,2025-05-03,New NTC sensor calibrated and sealed with heat shrink.,Resolved
1152,Air Conditioner,AC-022,Library 2nd Floor,AC display showing error code E4 and shutting down within 5 minutes.,"Error code E4 on panel, unexpected thermal shutdown, intermittent cooling",Room ambient temperature sensor open circuit / resistance drift,Corroded NTC thermistor sensor lead due to ambient humidity,Replace 10k NTC copper coil and ambient temperature thermistor harness,1350,1.0,Low,AC Technician,2025-08-26,New NTC sensor calibrated and sealed with heat shrink.,Verified & Closed
1153,Diesel Generator,DG-037,Science Block Basement,Diesel Generator fails to crank or start during main grid power outage.,"Clicking starter solenoid sound, instrument cluster dimming, engine not rotating",Lead-acid starter battery pack deep discharge and terminal sulfation,Faulty float trickle battery charger failing to maintain 24V DC auxiliary bus,"Clean battery terminals, replace battery charger unit, jump-start and load-test battery bank",5450,2.8,Critical,Power Systems Engineer,2025-08-20,Battery bank reconditioned. New 24V smart float charger installed. Cranking voltage tested at 22.8V.,Resolved
1154,Diesel Generator,DG-031,Hostel Block C Yard,Diesel Generator fails to crank or start during main grid power outage.,"Clicking starter solenoid sound, instrument cluster dimming, engine not rotating",Lead-acid starter battery pack deep discharge and terminal sulfation,Faulty float trickle battery charger failing to maintain 24V DC auxiliary bus,"Clean battery terminals, replace battery charger unit, jump-start and load-test battery bank",6050,3.0,Critical,Power Systems Engineer,2025-08-22,Battery bank reconditioned. New 24V smart float charger installed. Cranking voltage tested at 22.8V.,Verified & Closed
1155,Diesel Generator,DG-032,Science Block Basement,Diesel Generator fails to crank or start during main grid power outage.,"Clicking starter solenoid sound, instrument cluster dimming, engine not rotating",Lead-acid starter battery pack deep discharge and terminal sulfation,Faulty float trickle battery charger failing to maintain 24V DC auxiliary bus,"Clean battery terminals, replace battery charger unit, jump-start and load-test battery bank",5000,2.3,Critical,Power Systems Engineer,2026-08-10,Battery bank reconditioned. New 24V smart float charger installed. Cranking voltage tested at 22.8V.,Resolved
1156,Diesel Generator,DG-029,Power Substation Yard,Diesel Generator fails to crank or start during main grid power outage.,"Clicking starter solenoid sound, instrument cluster dimming, engine not rotating",Lead-acid starter battery pack deep discharge and terminal sulfation,Faulty float trickle battery charger failing to maintain 24V DC auxiliary bus,"Clean battery terminals, replace battery charger unit, jump-start and load-test battery bank",6650,2.9,Critical,Power Systems Engineer,2026-06-06,Battery bank reconditioned. New 24V smart float charger installed. Cranking voltage tested at 22.8V.,Resolved
1157,Diesel Generator,DG-042,Hospital Backup Yard,Generator starting but shutting down after 30 seconds with Over-Frequency alarm.,"Engine hunting/surging, erratic RPM, automatic trip on governing fault",Mechanical governor linkage sticking and fuel injection pump air lock,Contaminated diesel with particulate buildup in primary fuel filter and sticking governor spring,"Bleed fuel line, replace primary/secondary fuel filters, lubricate actuator linkage",3500,2.7,High,Diesel Mechanic,2026-04-11,Fuel filters replaced. Governor response tested at 50Hz under 60% step load.,Preventive Maintenance Completed
1158,Diesel Generator,DG-040,Hostel Block C Yard,Generator starting but shutting down after 30 seconds with Over-Frequency alarm.,"Engine hunting/surging, erratic RPM, automatic trip on governing fault",Mechanical governor linkage sticking and fuel injection pump air lock,Contaminated diesel with particulate buildup in primary fuel filter and sticking governor spring,"Bleed fuel line, replace primary/secondary fuel filters, lubricate actuator linkage",5850,2.1,High,Diesel Mechanic,2025-08-05,Fuel filters replaced. Governor response tested at 50Hz under 60% step load.,Resolved
1159,Diesel Generator,DG-021,Hospital Backup Yard,High coolant temperature alarm triggering within 10 minutes of full load running.,"Coolant temperature exceeding 98°C, radiator fan belt loose, coolant level dropping",Radiator fin clogging and slipping v-belt drive on water pump,Dry dust accumulation in radiator core and worn tensioner pulley,"High-pressure air clean radiator fins, replace tensioner and v-belt, top up ethylene glycol coolant",5000,1.5,High,Mechanical Technician,2025-05-05,Radiator backwashed. Belt tension set to spec. Operating temp stable at 84°C under full load.,Resolved
1160,Diesel Generator,DG-015,Hostel Block C Yard,High coolant temperature alarm triggering within 10 minutes of full load running.,"Coolant temperature exceeding 98°C, radiator fan belt loose, coolant level dropping",Radiator fin clogging and slipping v-belt drive on water pump,Dry dust accumulation in radiator core and worn tensioner pulley,"High-pressure air clean radiator fins, replace tensioner and v-belt, top up ethylene glycol coolant",4550,2.5,High,Mechanical Technician,2026-06-16,Radiator backwashed. Belt tension set to spec. Operating temp stable at 84°C under full load.,Verified & Closed
1161,Diesel Generator,DG-029,Power Substation Yard,High coolant temperature alarm triggering within 10 minutes of full load running.,"Coolant temperature exceeding 98°C, radiator fan belt loose, coolant level dropping",Radiator fin clogging and slipping v-belt drive on water pump,Dry dust accumulation in radiator core and worn tensioner pulley,"High-pressure air clean radiator fins, replace tensioner and v-belt, top up ethylene glycol coolant",4000,2.4,High,Mechanical Technician,2026-03-30,Radiator backwashed. Belt tension set to spec. Operating temp stable at 84°C under full load.,Resolved
1162,Diesel Generator,DG-019,Power Substation Yard,High coolant temperature alarm triggering within 10 minutes of full load running.,"Coolant temperature exceeding 98°C, radiator fan belt loose, coolant level dropping",Radiator fin clogging and slipping v-belt drive on water pump,Dry dust accumulation in radiator core and worn tensioner pulley,"High-pressure air clean radiator fins, replace tensioner and v-belt, top up ethylene glycol coolant",4300,1.9,High,Mechanical Technician,2025-09-14,Radiator backwashed. Belt tension set to spec. Operating temp stable at 84°C under full load.,Resolved
1163,Elevator,LIFT-044,Hospital Wing West,Elevator doors repeatedly closing and reopening without passenger obstruction.,"Door cycle looping 4-5 times at Floor 2, door motor straining, buzzer sounding",Infrared door safety light curtain sensor misalignment and optical lens smudge,Dust coating on lower infrared emitter diodes causing false beam interruption trigger,"Clean optical lenses, align transmitter and receiver strips, calibrate sensitivity",1500,1.2,High,Elevator Specialist,2026-03-16,Photocell curtain realigned and tested across all 128 beams.,Resolved
1164,Elevator,LIFT-040,Library Central,Elevator doors repeatedly closing and reopening without passenger obstruction.,"Door cycle looping 4-5 times at Floor 2, door motor straining, buzzer sounding",Infrared door safety light curtain sensor misalignment and optical lens smudge,Dust coating on lower infrared emitter diodes causing false beam interruption trigger,"Clean optical lenses, align transmitter and receiver strips, calibrate sensitivity",2200,1.9,High,Elevator Specialist,2026-01-13,Photocell curtain realigned and tested across all 128 beams.,Resolved
1165,Elevator,LIFT-041,Library Central,Elevator doors repeatedly closing and reopening without passenger obstruction.,"Door cycle looping 4-5 times at Floor 2, door motor straining, buzzer sounding",Infrared door safety light curtain sensor misalignment and optical lens smudge,Dust coating on lower infrared emitter diodes causing false beam interruption trigger,"Clean optical lenses, align transmitter and receiver strips, calibrate sensitivity",2100,1.3,High,Elevator Specialist,2025-12-30,Photocell curtain realigned and tested across all 128 beams.,Resolved
1166,Elevator,LIFT-044,Hostel Block 1,Elevator car making grinding sound and vibrating heavily during descent.,"Audible metal screeching, noticeable shuddering between Floors 3 and 4",Guide rail lubrication depletion and guide shoe roller wear,Empty automatic oil lubricator cup and worn nylon guide shoe liner,"Replace guide shoe inserts, clean rail track, refill ISO VG 68 guide rail oil",4300,3.2,High,Senior Lift Engineer,2026-04-08,Replaced four guide shoe liners. Ride quality index tested smooth.,Resolved
1167,Elevator,LIFT-020,Hospital Wing West,Elevator car making grinding sound and vibrating heavily during descent.,"Audible metal screeching, noticeable shuddering between Floors 3 and 4",Guide rail lubrication depletion and guide shoe roller wear,Empty automatic oil lubricator cup and worn nylon guide shoe liner,"Replace guide shoe inserts, clean rail track, refill ISO VG 68 guide rail oil",6800,2.9,High,Senior Lift Engineer,2025-07-09,Replaced four guide shoe liners. Ride quality index tested smooth.,Verified & Closed
1168,Elevator,LIFT-025,Admin Tower,Elevator car making grinding sound and vibrating heavily during descent.,"Audible metal screeching, noticeable shuddering between Floors 3 and 4",Guide rail lubrication depletion and guide shoe roller wear,Empty automatic oil lubricator cup and worn nylon guide shoe liner,"Replace guide shoe inserts, clean rail track, refill ISO VG 68 guide rail oil",4400,2.9,High,Senior Lift Engineer,2025-05-10,Replaced four guide shoe liners. Ride quality index tested smooth.,Resolved
1169,Elevator,LIFT-045,Hostel Block 1,Elevator stopping 2 inches below floor level at Ground Floor.,"Floor leveling discrepancy, trip hazard step, floor position reset required",Magnetic floor vane reader sensor bracket loose,Loose mounting bolt on shaft leveling sensor causing delayed trigger signal,Tighten and recalibrate floor leveling magnets and shaft position encoder,1800,2.5,Critical,Elevator Specialist,2025-11-18,Sensor repositioned with threadlocker. Leveling precision ±3mm achieved.,Resolved
1170,Elevator,LIFT-001,Hostel Block 1,Elevator stopping 2 inches below floor level at Ground Floor.,"Floor leveling discrepancy, trip hazard step, floor position reset required",Magnetic floor vane reader sensor bracket loose,Loose mounting bolt on shaft leveling sensor causing delayed trigger signal,Tighten and recalibrate floor leveling magnets and shaft position encoder,3000,2.2,Critical,Elevator Specialist,2026-07-28,Sensor repositioned with threadlocker. Leveling precision ±3mm achieved.,Verified & Closed
1171,Elevator,LIFT-015,Hostel Block 1,Elevator stopping 2 inches below floor level at Ground Floor.,"Floor leveling discrepancy, trip hazard step, floor position reset required",Magnetic floor vane reader sensor bracket loose,Loose mounting bolt on shaft leveling sensor causing delayed trigger signal,Tighten and recalibrate floor leveling magnets and shaft position encoder,2200,2.1,Critical,Elevator Specialist,2025-09-21,Sensor repositioned with threadlocker. Leveling precision ±3mm achieved.,Resolved
1172,Elevator,LIFT-041,Admin Tower,Elevator stopping 2 inches below floor level at Ground Floor.,"Floor leveling discrepancy, trip hazard step, floor position reset required",Magnetic floor vane reader sensor bracket loose,Loose mounting bolt on shaft leveling sensor causing delayed trigger signal,Tighten and recalibrate floor leveling magnets and shaft position encoder,3050,2.1,Critical,Elevator Specialist,2026-06-09,Sensor repositioned with threadlocker. Leveling precision ±3mm achieved.,Resolved
1173,Water Pump,WP-038,Main Overhead Tank Sub-station,Water pump running continuously but delivering very low water pressure to top floors.,"Pump motor humming loudly, zero pressure gauge reading, air in pipeline",Suction foot valve stuck partially open and suction line priming lost,Debris lodged in brass foot valve disc preventing positive prime holding,"Dismantle foot valve, clear silt debris, re-prime suction manifold and replace gasket",2950,1.6,High,Plumber & Pump Specialist,2025-09-08,Foot valve replaced with stainless steel mesh strainer. Priming restored.,Verified & Closed
1174,Water Pump,WP-027,Garden Irrigation Hub,Water pump running continuously but delivering very low water pressure to top floors.,"Pump motor humming loudly, zero pressure gauge reading, air in pipeline",Suction foot valve stuck partially open and suction line priming lost,Debris lodged in brass foot valve disc preventing positive prime holding,"Dismantle foot valve, clear silt debris, re-prime suction manifold and replace gasket",1900,1.6,High,Plumber & Pump Specialist,2026-03-21,Foot valve replaced with stainless steel mesh strainer. Priming restored.,Resolved
1175,Water Pump,WP-034,Garden Irrigation Hub,Water pump running continuously but delivering very low water pressure to top floors.,"Pump motor humming loudly, zero pressure gauge reading, air in pipeline",Suction foot valve stuck partially open and suction line priming lost,Debris lodged in brass foot valve disc preventing positive prime holding,"Dismantle foot valve, clear silt debris, re-prime suction manifold and replace gasket",2050,2.3,High,Plumber & Pump Specialist,2025-04-21,Foot valve replaced with stainless steel mesh strainer. Priming restored.,Resolved
1176,Water Pump,WP-022,Garden Irrigation Hub,Water leaking heavily from pump shaft seal and motor tripping on thermal relay.,"Water puddle around pump base, motor casing hot to touch, breaker tripping",Mechanical shaft seal face cracked and motor bearing water ingress,Dry running of pump causing ceramic-carbon seal face thermal shock,"Replace mechanical ceramic seal, repack shaft gland, test motor dry-run sensor",3750,3.4,High,Pump Technician,2026-05-22,Replaced mechanical seal and fitted dry-run float switch protector.,Resolved
1177,Water Pump,WP-044,Hostel Water Treatment Plant,Water leaking heavily from pump shaft seal and motor tripping on thermal relay.,"Water puddle around pump base, motor casing hot to touch, breaker tripping",Mechanical shaft seal face cracked and motor bearing water ingress,Dry running of pump causing ceramic-carbon seal face thermal shock,"Replace mechanical ceramic seal, repack shaft gland, test motor dry-run sensor",4750,3.3,High,Pump Technician,2025-08-06,Replaced mechanical seal and fitted dry-run float switch protector.,Resolved
1178,Water Pump,WP-026,Main Overhead Tank Sub-station,Water leaking heavily from pump shaft seal and motor tripping on thermal relay.,"Water puddle around pump base, motor casing hot to touch, breaker tripping",Mechanical shaft seal face cracked and motor bearing water ingress,Dry running of pump causing ceramic-carbon seal face thermal shock,"Replace mechanical ceramic seal, repack shaft gland, test motor dry-run sensor",3300,2.8,High,Pump Technician,2026-09-02,Replaced mechanical seal and fitted dry-run float switch protector.,Resolved
1179,Classroom Projector,PRJ-038,Seminar Room B,Projector turning on for 2 minutes then shutting down with blinking red Temp light.,"Rapid shutdown, red Temp warning LED, loud exhaust fan whining",Thermal sensor cutoff due to blocked intake air filter and dust on fan blades,Dust accumulation clogging intake sponge filter preventing heat dissipation from lamp module,"Deep clean air filter sponge, blow out optical engine compartment, inspect fan RPM",1250,1.0,Medium,AV Technician,2025-08-22,Filter washed and dried. Thermal sensor readings normalized.,Resolved
1180,Classroom Projector,PRJ-031,Lecture Hall 204,Projector turning on for 2 minutes then shutting down with blinking red Temp light.,"Rapid shutdown, red Temp warning LED, loud exhaust fan whining",Thermal sensor cutoff due to blocked intake air filter and dust on fan blades,Dust accumulation clogging intake sponge filter preventing heat dissipation from lamp module,"Deep clean air filter sponge, blow out optical engine compartment, inspect fan RPM",1200,0.9,Medium,AV Technician,2026-08-22,Filter washed and dried. Thermal sensor readings normalized.,Resolved
1181,Classroom Projector,PRJ-015,Conference Room 3,Projector turning on for 2 minutes then shutting down with blinking red Temp light.,"Rapid shutdown, red Temp warning LED, loud exhaust fan whining",Thermal sensor cutoff due to blocked intake air filter and dust on fan blades,Dust accumulation clogging intake sponge filter preventing heat dissipation from lamp module,"Deep clean air filter sponge, blow out optical engine compartment, inspect fan RPM",1250,0.9,Medium,AV Technician,2026-07-14,Filter washed and dried. Thermal sensor readings normalized.,Verified & Closed
1182,Classroom Projector,PRJ-042,Seminar Room B,Projector turning on for 2 minutes then shutting down with blinking red Temp light.,"Rapid shutdown, red Temp warning LED, loud exhaust fan whining",Thermal sensor cutoff due to blocked intake air filter and dust on fan blades,Dust accumulation clogging intake sponge filter preventing heat dissipation from lamp module,"Deep clean air filter sponge, blow out optical engine compartment, inspect fan RPM",700,0.6,Medium,AV Technician,2025-07-25,Filter washed and dried. Thermal sensor readings normalized.,Verified & Closed
1183,Classroom Projector,PRJ-008,Auditorium Main,Projector displays 'No Signal' despite HDMI cable connected securely to laptop.,"Blue screen standby, HDMI source unacknowledged, cable pins loose",Damaged HDMI wall plate receptacle and cracked internal solder trace,Repeated mechanical tugging on wall HDMI port causing physical pin fracture,Replace wall plate HDMI 2.0 female-female connector module and patch cord,1000,0.9,Medium,AV Technician,2026-06-09,Replaced wall socket module with reinforced metal pass-through.,Resolved
1184,Classroom Projector,PRJ-024,Auditorium Main,Projector displays 'No Signal' despite HDMI cable connected securely to laptop.,"Blue screen standby, HDMI source unacknowledged, cable pins loose",Damaged HDMI wall plate receptacle and cracked internal solder trace,Repeated mechanical tugging on wall HDMI port causing physical pin fracture,Replace wall plate HDMI 2.0 female-female connector module and patch cord,1400,0.9,Medium,AV Technician,2025-07-14,Replaced wall socket module with reinforced metal pass-through.,Resolved
1185,Classroom Projector,PRJ-042,Auditorium Main,Projector displays 'No Signal' despite HDMI cable connected securely to laptop.,"Blue screen standby, HDMI source unacknowledged, cable pins loose",Damaged HDMI wall plate receptacle and cracked internal solder trace,Repeated mechanical tugging on wall HDMI port causing physical pin fracture,Replace wall plate HDMI 2.0 female-female connector module and patch cord,1300,0.8,Medium,AV Technician,2026-06-07,Replaced wall socket module with reinforced metal pass-through.,Verified & Closed
1186,Classroom Projector,PRJ-045,Lecture Hall 101,Projector image shows severe yellow discoloration and flickering color band.,"Distorted color matrix, flickering tint, faint grinding sound from optical chamber",DLP color wheel indexing sensor dirty / motor bearing seizure,Dust layer on color wheel optical optocoupler sensor disc,Clean optical color wheel sensor with isopropanol and realign optical path,2200,1.9,Medium,Senior AV Specialist,2025-09-02,Color wheel cleaned. RGB calibration completed with test pattern.,Preventive Maintenance Completed
1187,Classroom Projector,PRJ-007,Seminar Room B,Projector image shows severe yellow discoloration and flickering color band.,"Distorted color matrix, flickering tint, faint grinding sound from optical chamber",DLP color wheel indexing sensor dirty / motor bearing seizure,Dust layer on color wheel optical optocoupler sensor disc,Clean optical color wheel sensor with isopropanol and realign optical path,2900,2.4,Medium,Senior AV Specialist,2025-09-05,Color wheel cleaned. RGB calibration completed with test pattern.,Resolved
1188,Classroom Projector,PRJ-026,Lecture Hall 101,Projector image shows severe yellow discoloration and flickering color band.,"Distorted color matrix, flickering tint, faint grinding sound from optical chamber",DLP color wheel indexing sensor dirty / motor bearing seizure,Dust layer on color wheel optical optocoupler sensor disc,Clean optical color wheel sensor with isopropanol and realign optical path,2150,2.5,Medium,Senior AV Specialist,2025-12-08,Color wheel cleaned. RGB calibration completed with test pattern.,Verified & Closed
1189,UPS System,UPS-043,Main Datacenter,UPS constantly beeping with 'Battery Weak / Replace' indicator illuminated.,"Audible alert every 5 seconds, backup time dropped from 30 mins to 20 seconds",Sulfated 12V 42Ah SMF batteries with high internal impedance,End of electrochemical battery service life (3+ years) and high operating ambient temperature,"Perform battery conductance test, replace weak battery block, calibrate float voltage",11250,2.5,High,Power Electronics Technician,2026-02-11,4 dead cells in 16-battery string replaced. Battery bank autonomy load-tested to 25 minutes.,Preventive Maintenance Completed
1190,UPS System,UPS-022,Main Datacenter,UPS constantly beeping with 'Battery Weak / Replace' indicator illuminated.,"Audible alert every 5 seconds, backup time dropped from 30 mins to 20 seconds",Sulfated 12V 42Ah SMF batteries with high internal impedance,End of electrochemical battery service life (3+ years) and high operating ambient temperature,"Perform battery conductance test, replace weak battery block, calibrate float voltage",7000,2.7,High,Power Electronics Technician,2026-01-10,4 dead cells in 16-battery string replaced. Battery bank autonomy load-tested to 25 minutes.,Resolved
1191,UPS System,UPS-014,Hospital ICU Utility,UPS constantly beeping with 'Battery Weak / Replace' indicator illuminated.,"Audible alert every 5 seconds, backup time dropped from 30 mins to 20 seconds",Sulfated 12V 42Ah SMF batteries with high internal impedance,End of electrochemical battery service life (3+ years) and high operating ambient temperature,"Perform battery conductance test, replace weak battery block, calibrate float voltage",12650,2.8,High,Power Electronics Technician,2026-02-07,4 dead cells in 16-battery string replaced. Battery bank autonomy load-tested to 25 minutes.,Resolved
1192,UPS System,UPS-001,Hospital ICU Utility,UPS switching automatically to Static Bypass mode with Overload error.,"Bypass LED active, inverter offline, cooling fans operating at maximum RPM",Inverter DC-AC bridge heat-sink thermal sensor triggering due to fan failure,Exhaust fan 1 seized up with dust ball causing IGBT heatsink to reach 85°C,"Replace 120mm 24V DC ball bearing exhaust fan, clean heatsink, reset bypass alarm",1650,1.5,High,UPS Engineer,2025-12-07,Replaced cooling fans. UPS transferred back to online inverter mode.,Resolved
1193,UPS System,UPS-008,Biotech Lab Annex,UPS switching automatically to Static Bypass mode with Overload error.,"Bypass LED active, inverter offline, cooling fans operating at maximum RPM",Inverter DC-AC bridge heat-sink thermal sensor triggering due to fan failure,Exhaust fan 1 seized up with dust ball causing IGBT heatsink to reach 85°C,"Replace 120mm 24V DC ball bearing exhaust fan, clean heatsink, reset bypass alarm",1650,1.0,High,UPS Engineer,2026-08-21,Replaced cooling fans. UPS transferred back to online inverter mode.,Verified & Closed
1194,RO Water Purifier,RO-021,Hostel Block B,"Water purifier flow rate has dropped to a trickle, taking 10 mins to fill one bottle.","Very slow permeate flow, high reject water flow ratio, booster pump running continuously",Sediment pre-filter and activated carbon block choked with silt,High turbidity in incoming municipal water supply over past 2 weeks,Replace 5-micron spun polypropylene pre-filter and 10-inch CTO carbon block,1050,0.6,Medium,Water Plant Technician,2026-08-31,Pre-filters replaced. Flow rate restored to 50 LPH at 60 PSI.,Resolved
1195,RO Water Purifier,RO-034,Library Water Station,"Water purifier flow rate has dropped to a trickle, taking 10 mins to fill one bottle.","Very slow permeate flow, high reject water flow ratio, booster pump running continuously",Sediment pre-filter and activated carbon block choked with silt,High turbidity in incoming municipal water supply over past 2 weeks,Replace 5-micron spun polypropylene pre-filter and 10-inch CTO carbon block,1650,0.5,Medium,Water Plant Technician,2026-05-23,Pre-filters replaced. Flow rate restored to 50 LPH at 60 PSI.,Resolved
1196,RO Water Purifier,RO-038,Hostel Block B,Drinking water tastes salty and TDS meter reading above 450 ppm (normal < 100).,"Salty/mineral taste, elevated TDS reading, membrane pressure high",Thin Film Composite (TFC) RO membrane scaling and salt passage leakage,Calcium carbonate scale buildup rupturing membrane layers due to antiscalant dosing lapse,Sanitize filter housings and replace 75 GPD Dow Filmtec RO membrane,3400,1.5,High,Water Plant Specialist,2026-05-28,New RO membrane installed. Output TDS measured at 62 ppm.,Verified & Closed
1197,RO Water Purifier,RO-043,Student Mess Floor 1,Drinking water tastes salty and TDS meter reading above 450 ppm (normal < 100).,"Salty/mineral taste, elevated TDS reading, membrane pressure high",Thin Film Composite (TFC) RO membrane scaling and salt passage leakage,Calcium carbonate scale buildup rupturing membrane layers due to antiscalant dosing lapse,Sanitize filter housings and replace 75 GPD Dow Filmtec RO membrane,3100,1.5,High,Water Plant Specialist,2025-04-01,New RO membrane installed. Output TDS measured at 62 ppm.,Preventive Maintenance Completed
1198,RO Water Purifier,RO-031,Student Mess Floor 1,Drinking water tastes salty and TDS meter reading above 450 ppm (normal < 100).,"Salty/mineral taste, elevated TDS reading, membrane pressure high",Thin Film Composite (TFC) RO membrane scaling and salt passage leakage,Calcium carbonate scale buildup rupturing membrane layers due to antiscalant dosing lapse,Sanitize filter housings and replace 75 GPD Dow Filmtec RO membrane,3350,1.7,High,Water Plant Specialist,2025-08-01,New RO membrane installed. Output TDS measured at 62 ppm.,Resolved
1199,Electrical Panel,EP-006,Engineering Block LT Room,Smell of burning insulation and humming sound coming from main electrical distribution board.,"Pungent ozone/burning plastic smell, audible 50Hz arcing hum, warm panel exterior",Loose terminal lug on R-phase 200A MCCB busbar connection causing thermal hot-spot,Thermal cycling loosening bolted terminal connection leading to high contact resistance,"De-energize panel, re-crimp burned lug, torque all busbar connections, apply torque seal",2800,1.6,Critical,Senior Electrical Engineer,2025-10-22,Thermographic scan verified: Hot spot reduced from 112°C to 38°C under load.,Resolved
1200,Electrical Panel,EP-025,Canteen Feeder Panel,Smell of burning insulation and humming sound coming from main electrical distribution board.,"Pungent ozone/burning plastic smell, audible 50Hz arcing hum, warm panel exterior",Loose terminal lug on R-phase 200A MCCB busbar connection causing thermal hot-spot,Thermal cycling loosening bolted terminal connection leading to high contact resistance,"De-energize panel, re-crimp burned lug, torque all busbar connections, apply torque seal",4050,2.3,Critical,Senior Electrical Engineer,2025-11-19,Thermographic scan verified: Hot spot reduced from 112°C to 38°C under load.,Resolved
1201,Electrical Panel,EP-042,Engineering Block LT Room,Smell of burning insulation and humming sound coming from main electrical distribution board.,"Pungent ozone/burning plastic smell, audible 50Hz arcing hum, warm panel exterior",Loose terminal lug on R-phase 200A MCCB busbar connection causing thermal hot-spot,Thermal cycling loosening bolted terminal connection leading to high contact resistance,"De-energize panel, re-crimp burned lug, torque all busbar connections, apply torque seal",3950,2.2,Critical,Senior Electrical Engineer,2026-02-08,Thermographic scan verified: Hot spot reduced from 112°C to 38°C under load.,Resolved
1202,CCTV Camera,CAM-026,Hostel Perimeter West,Camera video feed showing black screen at night and washed-out glare during day.,"Night vision infrared failed, pinkish hue in daylight, camera online on network",IR cut filter mechanical solenoid stuck in day position,Moisture ingress jamming delicate mechanical filter shift shutter,"Disassemble camera housing, replace silica desiccant, clean filter solenoid track",1500,1.0,Low,Security Systems Technician,2025-07-18,Resealed camera housing with IP67 silicone gasket. Day/night switching verified.,Resolved
1203,CCTV Camera,CAM-024,Parking Lot North,Camera video feed showing black screen at night and washed-out glare during day.,"Night vision infrared failed, pinkish hue in daylight, camera online on network",IR cut filter mechanical solenoid stuck in day position,Moisture ingress jamming delicate mechanical filter shift shutter,"Disassemble camera housing, replace silica desiccant, clean filter solenoid track",1500,1.5,Low,Security Systems Technician,2026-04-13,Resealed camera housing with IP67 silicone gasket. Day/night switching verified.,Resolved
1204,CCTV Camera,CAM-006,Campus Main Gate,Camera video feed showing black screen at night and washed-out glare during day.,"Night vision infrared failed, pinkish hue in daylight, camera online on network",IR cut filter mechanical solenoid stuck in day position,Moisture ingress jamming delicate mechanical filter shift shutter,"Disassemble camera housing, replace silica desiccant, clean filter solenoid track",850,1.4,Low,Security Systems Technician,2025-07-01,Resealed camera housing with IP67 silicone gasket. Day/night switching verified.,Resolved
1205,Network Switch,SW-038,IT Rack - Floor 2,Entire department experiencing intermittent Wi-Fi drops and packet loss.,"High latency ping spikes, PoE access points rebooting, switch status LED amber",PoE power supply unit over-temperature shutdown due to internal fan dust lock,Blocked exhaust vent on 48-port PoE switch causing PSU thermal protection trip,"Clean rack dust filters, replace switch chassis fan, rebalance PoE power budget",2850,1.1,High,Network Administrator,2025-10-14,Switch firmware updated and internal temperature dropped from 68°C to 41°C.,Resolved
1206,Network Switch,SW-004,Hostel Wi-Fi Distribution,Entire department experiencing intermittent Wi-Fi drops and packet loss.,"High latency ping spikes, PoE access points rebooting, switch status LED amber",PoE power supply unit over-temperature shutdown due to internal fan dust lock,Blocked exhaust vent on 48-port PoE switch causing PSU thermal protection trip,"Clean rack dust filters, replace switch chassis fan, rebalance PoE power budget",2700,1.3,High,Network Administrator,2025-11-26,Switch firmware updated and internal temperature dropped from 68°C to 41°C.,Resolved
1207,Air Conditioner,AC-010,Server Room A,AC is not cooling properly and is making a loud rattling noise.,"Insufficient cooling, abnormal rattling sound from indoor unit, low airflow",Blower fan motor bearing wear and dust accumulation on evaporator coil,Restricted airflow due to heavy dust accumulation and fan motor bearing degradation,"Clean indoor evaporator coil, inspect blower fan assembly, lubricate/replace bearings",1950,2.3,Medium,HVAC Specialist,2025-05-11,"Coil cleaned with chemical wash, blower fan aligned and balanced. Cooling restored to 18°C.",Resolved
1208,Air Conditioner,AC-024,Chemistry Lab,AC is not cooling properly and is making a loud rattling noise.,"Insufficient cooling, abnormal rattling sound from indoor unit, low airflow",Blower fan motor bearing wear and dust accumulation on evaporator coil,Restricted airflow due to heavy dust accumulation and fan motor bearing degradation,"Clean indoor evaporator coil, inspect blower fan assembly, lubricate/replace bearings",3050,1.8,Medium,HVAC Specialist,2026-05-22,"Coil cleaned with chemical wash, blower fan aligned and balanced. Cooling restored to 18°C.",Resolved
1209,Air Conditioner,AC-036,Seminar Hall,AC is not cooling properly and is making a loud rattling noise.,"Insufficient cooling, abnormal rattling sound from indoor unit, low airflow",Blower fan motor bearing wear and dust accumulation on evaporator coil,Restricted airflow due to heavy dust accumulation and fan motor bearing degradation,"Clean indoor evaporator coil, inspect blower fan assembly, lubricate/replace bearings",2700,2.4,Medium,HVAC Specialist,2026-08-21,"Coil cleaned with chemical wash, blower fan aligned and balanced. Cooling restored to 18°C.",Verified & Closed
1210,Air Conditioner,AC-002,Admin Block - Room 102,AC is not cooling properly and is making a loud rattling noise.,"Insufficient cooling, abnormal rattling sound from indoor unit, low airflow",Blower fan motor bearing wear and dust accumulation on evaporator coil,Restricted airflow due to heavy dust accumulation and fan motor bearing degradation,"Clean indoor evaporator coil, inspect blower fan assembly, lubricate/replace bearings",2050,2.2,Medium,HVAC Specialist,2026-03-16,"Coil cleaned with chemical wash, blower fan aligned and balanced. Cooling restored to 18°C.",Resolved
1211,Air Conditioner,AC-001,Library 2nd Floor,AC tripping the circuit breaker immediately after turning on compressor.,"Power trip on startup, compressor buzzing sound, no cold air",Compressor run capacitor blown and high starting current,Degraded 45uF starting capacitor causing compressor rotor lock and breaker trip,Replace dual run/start capacitor (45+5 uF) and test compressor winding resistance,1450,1.3,High,HVAC Specialist,2026-03-15,Capacitor replaced. Startup current measured at 9.2A (within safe limit).,Resolved
1212,Air Conditioner,AC-041,Computer Lab 3,AC tripping the circuit breaker immediately after turning on compressor.,"Power trip on startup, compressor buzzing sound, no cold air",Compressor run capacitor blown and high starting current,Degraded 45uF starting capacitor causing compressor rotor lock and breaker trip,Replace dual run/start capacitor (45+5 uF) and test compressor winding resistance,1350,1.4,High,HVAC Specialist,2026-08-16,Capacitor replaced. Startup current measured at 9.2A (within safe limit).,Resolved
1213,Air Conditioner,AC-030,Seminar Hall,AC tripping the circuit breaker immediately after turning on compressor.,"Power trip on startup, compressor buzzing sound, no cold air",Compressor run capacitor blown and high starting current,Degraded 45uF starting capacitor causing compressor rotor lock and breaker trip,Replace dual run/start capacitor (45+5 uF) and test compressor winding resistance,1500,1.2,High,HVAC Specialist,2025-10-02,Capacitor replaced. Startup current measured at 9.2A (within safe limit).,Resolved
1214,Air Conditioner,AC-006,Dean Office,Water leaking continuously from the indoor split AC unit inside lab.,"Water dripping down classroom wall, ice forming on indoor coil",Clogged condensate drain pipe and dirty filter mesh,Algae and dust blockage in drain tray outlet causing overflow,"Clear condensate drain line with nitrogen blow, clean drain pan and filters",950,0.9,Medium,AC Technician,2026-07-25,Flushed drain pipe. Water drain slope verified with 2L flush test.,Resolved
1215,Air Conditioner,AC-018,Computer Lab 2,Water leaking continuously from the indoor split AC unit inside lab.,"Water dripping down classroom wall, ice forming on indoor coil",Clogged condensate drain pipe and dirty filter mesh,Algae and dust blockage in drain tray outlet causing overflow,"Clear condensate drain line with nitrogen blow, clean drain pan and filters",1450,1.0,Medium,AC Technician,2025-06-20,Flushed drain pipe. Water drain slope verified with 2L flush test.,Resolved
1216,Air Conditioner,AC-018,Seminar Hall,Water leaking continuously from the indoor split AC unit inside lab.,"Water dripping down classroom wall, ice forming on indoor coil",Clogged condensate drain pipe and dirty filter mesh,Algae and dust blockage in drain tray outlet causing overflow,"Clear condensate drain line with nitrogen blow, clean drain pan and filters",1300,0.8,Medium,AC Technician,2026-02-08,Flushed drain pipe. Water drain slope verified with 2L flush test.,Resolved
1217,Air Conditioner,AC-044,Admin Block - Room 102,Water leaking continuously from the indoor split AC unit inside lab.,"Water dripping down classroom wall, ice forming on indoor coil",Clogged condensate drain pipe and dirty filter mesh,Algae and dust blockage in drain tray outlet causing overflow,"Clear condensate drain line with nitrogen blow, clean drain pan and filters",1300,1.1,Medium,AC Technician,2025-05-06,Flushed drain pipe. Water drain slope verified with 2L flush test.,Resolved
1218,Air Conditioner,AC-004,Dean Office,"AC blowing warm air, outdoor unit fan running but compressor silent.","Warm air discharge, outdoor condenser fan active, no cooling effect",Refrigerant R-410A low pressure leak at flare nut connection,Vibration-induced micro-crack in suction line flare joint resulting in gas leakage,"Perform nitrogen pressure leak test, re-flare joint, vacuum system and recharge R-410A",4300,3.0,High,Senior HVAC Technician,2026-09-09,Leak sealed at flare connection. Gas charged to 125 PSI. Delta-T across coil is 14°C.,Resolved
1219,Air Conditioner,AC-017,Computer Lab 3,"AC blowing warm air, outdoor unit fan running but compressor silent.","Warm air discharge, outdoor condenser fan active, no cooling effect",Refrigerant R-410A low pressure leak at flare nut connection,Vibration-induced micro-crack in suction line flare joint resulting in gas leakage,"Perform nitrogen pressure leak test, re-flare joint, vacuum system and recharge R-410A",4800,2.7,High,Senior HVAC Technician,2025-11-24,Leak sealed at flare connection. Gas charged to 125 PSI. Delta-T across coil is 14°C.,Resolved
1220,Air Conditioner,AC-012,Seminar Hall,"AC blowing warm air, outdoor unit fan running but compressor silent.","Warm air discharge, outdoor condenser fan active, no cooling effect",Refrigerant R-410A low pressure leak at flare nut connection,Vibration-induced micro-crack in suction line flare joint resulting in gas leakage,"Perform nitrogen pressure leak test, re-flare joint, vacuum system and recharge R-410A",5050,3.3,High,Senior HVAC Technician,2026-05-07,Leak sealed at flare connection. Gas charged to 125 PSI. Delta-T across coil is 14°C.,Resolved
1221,Air Conditioner,AC-005,Library 2nd Floor,AC display showing error code E4 and shutting down within 5 minutes.,"Error code E4 on panel, unexpected thermal shutdown, intermittent cooling",Room ambient temperature sensor open circuit / resistance drift,Corroded NTC thermistor sensor lead due to ambient humidity,Replace 10k NTC copper coil and ambient temperature thermistor harness,1750,0.9,Low,AC Technician,2025-08-06,New NTC sensor calibrated and sealed with heat shrink.,Resolved
1222,Air Conditioner,AC-005,Faculty Lounge,AC display showing error code E4 and shutting down within 5 minutes.,"Error code E4 on panel, unexpected thermal shutdown, intermittent cooling",Room ambient temperature sensor open circuit / resistance drift,Corroded NTC thermistor sensor lead due to ambient humidity,Replace 10k NTC copper coil and ambient temperature thermistor harness,1450,0.7,Low,AC Technician,2025-10-31,New NTC sensor calibrated and sealed with heat shrink.,Resolved
1223,Air Conditioner,AC-019,Seminar Hall,AC display showing error code E4 and shutting down within 5 minutes.,"Error code E4 on panel, unexpected thermal shutdown, intermittent cooling",Room ambient temperature sensor open circuit / resistance drift,Corroded NTC thermistor sensor lead due to ambient humidity,Replace 10k NTC copper coil and ambient temperature thermistor harness,1300,0.5,Low,AC Technician,2026-05-22,New NTC sensor calibrated and sealed with heat shrink.,Resolved
1224,Air Conditioner,AC-030,Dean Office,AC display showing error code E4 and shutting down within 5 minutes.,"Error code E4 on panel, unexpected thermal shutdown, intermittent cooling",Room ambient temperature sensor open circuit / resistance drift,Corroded NTC thermistor sensor lead due to ambient humidity,Replace 10k NTC copper coil and ambient temperature thermistor harness,950,0.7,Low,AC Technician,2025-09-11,New NTC sensor calibrated and sealed with heat shrink.,Resolved
1225,Diesel Generator,DG-034,Hospital Backup Yard,Diesel Generator fails to crank or start during main grid power outage.,"Clicking starter solenoid sound, instrument cluster dimming, engine not rotating",Lead-acid starter battery pack deep discharge and terminal sulfation,Faulty float trickle battery charger failing to maintain 24V DC auxiliary bus,"Clean battery terminals, replace battery charger unit, jump-start and load-test battery bank",6100,2.8,Critical,Power Systems Engineer,2026-06-28,Battery bank reconditioned. New 24V smart float charger installed. Cranking voltage tested at 22.8V.,Resolved
1226,Diesel Generator,DG-022,Science Block Basement,Diesel Generator fails to crank or start during main grid power outage.,"Clicking starter solenoid sound, instrument cluster dimming, engine not rotating",Lead-acid starter battery pack deep discharge and terminal sulfation,Faulty float trickle battery charger failing to maintain 24V DC auxiliary bus,"Clean battery terminals, replace battery charger unit, jump-start and load-test battery bank",4800,2.3,Critical,Power Systems Engineer,2026-03-28,Battery bank reconditioned. New 24V smart float charger installed. Cranking voltage tested at 22.8V.,Resolved
1227,Diesel Generator,DG-023,Science Block Basement,Diesel Generator fails to crank or start during main grid power outage.,"Clicking starter solenoid sound, instrument cluster dimming, engine not rotating",Lead-acid starter battery pack deep discharge and terminal sulfation,Faulty float trickle battery charger failing to maintain 24V DC auxiliary bus,"Clean battery terminals, replace battery charger unit, jump-start and load-test battery bank",7450,2.9,Critical,Power Systems Engineer,2025-09-22,Battery bank reconditioned. New 24V smart float charger installed. Cranking voltage tested at 22.8V.,Resolved
1228,Diesel Generator,DG-007,Science Block Basement,Generator starting but shutting down after 30 seconds with Over-Frequency alarm.,"Engine hunting/surging, erratic RPM, automatic trip on governing fault",Mechanical governor linkage sticking and fuel injection pump air lock,Contaminated diesel with particulate buildup in primary fuel filter and sticking governor spring,"Bleed fuel line, replace primary/secondary fuel filters, lubricate actuator linkage",4200,2.3,High,Diesel Mechanic,2026-04-20,Fuel filters replaced. Governor response tested at 50Hz under 60% step load.,Resolved
1229,Diesel Generator,DG-012,Power Substation Yard,Generator starting but shutting down after 30 seconds with Over-Frequency alarm.,"Engine hunting/surging, erratic RPM, automatic trip on governing fault",Mechanical governor linkage sticking and fuel injection pump air lock,Contaminated diesel with particulate buildup in primary fuel filter and sticking governor spring,"Bleed fuel line, replace primary/secondary fuel filters, lubricate actuator linkage",5100,3.1,High,Diesel Mechanic,2025-04-29,Fuel filters replaced. Governor response tested at 50Hz under 60% step load.,Verified & Closed
1230,Diesel Generator,DG-041,Hostel Block C Yard,High coolant temperature alarm triggering within 10 minutes of full load running.,"Coolant temperature exceeding 98°C, radiator fan belt loose, coolant level dropping",Radiator fin clogging and slipping v-belt drive on water pump,Dry dust accumulation in radiator core and worn tensioner pulley,"High-pressure air clean radiator fins, replace tensioner and v-belt, top up ethylene glycol coolant",3400,1.9,High,Mechanical Technician,2025-10-28,Radiator backwashed. Belt tension set to spec. Operating temp stable at 84°C under full load.,Resolved
1231,Diesel Generator,DG-018,Hostel Block C Yard,High coolant temperature alarm triggering within 10 minutes of full load running.,"Coolant temperature exceeding 98°C, radiator fan belt loose, coolant level dropping",Radiator fin clogging and slipping v-belt drive on water pump,Dry dust accumulation in radiator core and worn tensioner pulley,"High-pressure air clean radiator fins, replace tensioner and v-belt, top up ethylene glycol coolant",4200,2.0,High,Mechanical Technician,2026-07-21,Radiator backwashed. Belt tension set to spec. Operating temp stable at 84°C under full load.,Resolved
1232,Diesel Generator,DG-003,Hospital Backup Yard,High coolant temperature alarm triggering within 10 minutes of full load running.,"Coolant temperature exceeding 98°C, radiator fan belt loose, coolant level dropping",Radiator fin clogging and slipping v-belt drive on water pump,Dry dust accumulation in radiator core and worn tensioner pulley,"High-pressure air clean radiator fins, replace tensioner and v-belt, top up ethylene glycol coolant",4300,2.3,High,Mechanical Technician,2026-07-20,Radiator backwashed. Belt tension set to spec. Operating temp stable at 84°C under full load.,Resolved
1233,Elevator,LIFT-039,Hospital Wing West,Elevator doors repeatedly closing and reopening without passenger obstruction.,"Door cycle looping 4-5 times at Floor 2, door motor straining, buzzer sounding",Infrared door safety light curtain sensor misalignment and optical lens smudge,Dust coating on lower infrared emitter diodes causing false beam interruption trigger,"Clean optical lenses, align transmitter and receiver strips, calibrate sensitivity",1950,1.5,High,Elevator Specialist,2025-04-15,Photocell curtain realigned and tested across all 128 beams.,Resolved
1234,Elevator,LIFT-029,Academic Block A - Core,Elevator doors repeatedly closing and reopening without passenger obstruction.,"Door cycle looping 4-5 times at Floor 2, door motor straining, buzzer sounding",Infrared door safety light curtain sensor misalignment and optical lens smudge,Dust coating on lower infrared emitter diodes causing false beam interruption trigger,"Clean optical lenses, align transmitter and receiver strips, calibrate sensitivity",1850,1.6,High,Elevator Specialist,2026-03-08,Photocell curtain realigned and tested across all 128 beams.,Resolved
1235,Elevator,LIFT-007,Library Central,Elevator car making grinding sound and vibrating heavily during descent.,"Audible metal screeching, noticeable shuddering between Floors 3 and 4",Guide rail lubrication depletion and guide shoe roller wear,Empty automatic oil lubricator cup and worn nylon guide shoe liner,"Replace guide shoe inserts, clean rail track, refill ISO VG 68 guide rail oil",6900,2.6,High,Senior Lift Engineer,2025-09-30,Replaced four guide shoe liners. Ride quality index tested smooth.,Resolved
1236,Elevator,LIFT-016,Academic Block A - Core,Elevator car making grinding sound and vibrating heavily during descent.,"Audible metal screeching, noticeable shuddering between Floors 3 and 4",Guide rail lubrication depletion and guide shoe roller wear,Empty automatic oil lubricator cup and worn nylon guide shoe liner,"Replace guide shoe inserts, clean rail track, refill ISO VG 68 guide rail oil",5750,3.3,High,Senior Lift Engineer,2025-06-25,Replaced four guide shoe liners. Ride quality index tested smooth.,Resolved
1237,Elevator,LIFT-019,Hostel Block 1,Elevator stopping 2 inches below floor level at Ground Floor.,"Floor leveling discrepancy, trip hazard step, floor position reset required",Magnetic floor vane reader sensor bracket loose,Loose mounting bolt on shaft leveling sensor causing delayed trigger signal,Tighten and recalibrate floor leveling magnets and shaft position encoder,2600,2.3,Critical,Elevator Specialist,2025-08-16,Sensor repositioned with threadlocker. Leveling precision ±3mm achieved.,Resolved
1238,Elevator,LIFT-041,Academic Block A - Core,Elevator stopping 2 inches below floor level at Ground Floor.,"Floor leveling discrepancy, trip hazard step, floor position reset required",Magnetic floor vane reader sensor bracket loose,Loose mounting bolt on shaft leveling sensor causing delayed trigger signal,Tighten and recalibrate floor leveling magnets and shaft position encoder,1900,1.8,Critical,Elevator Specialist,2025-10-09,Sensor repositioned with threadlocker. Leveling precision ±3mm achieved.,Resolved
1239,Elevator,LIFT-019,Library Central,Elevator stopping 2 inches below floor level at Ground Floor.,"Floor leveling discrepancy, trip hazard step, floor position reset required",Magnetic floor vane reader sensor bracket loose,Loose mounting bolt on shaft leveling sensor causing delayed trigger signal,Tighten and recalibrate floor leveling magnets and shaft position encoder,3250,2.4,Critical,Elevator Specialist,2026-01-01,Sensor repositioned with threadlocker. Leveling precision ±3mm achieved.,Preventive Maintenance Completed
1240,Water Pump,WP-022,Hostel Water Treatment Plant,Water pump running continuously but delivering very low water pressure to top floors.,"Pump motor humming loudly, zero pressure gauge reading, air in pipeline",Suction foot valve stuck partially open and suction line priming lost,Debris lodged in brass foot valve disc preventing positive prime holding,"Dismantle foot valve, clear silt debris, re-prime suction manifold and replace gasket",2650,2.2,High,Plumber & Pump Specialist,2026-06-25,Foot valve replaced with stainless steel mesh strainer. Priming restored.,Verified & Closed
1241,Water Pump,WP-042,Garden Irrigation Hub,Water pump running continuously but delivering very low water pressure to top floors.,"Pump motor humming loudly, zero pressure gauge reading, air in pipeline",Suction foot valve stuck partially open and suction line priming lost,Debris lodged in brass foot valve disc preventing positive prime holding,"Dismantle foot valve, clear silt debris, re-prime suction manifold and replace gasket",1750,2.1,High,Plumber & Pump Specialist,2025-08-11,Foot valve replaced with stainless steel mesh strainer. Priming restored.,Verified & Closed
1242,Water Pump,WP-036,Garden Irrigation Hub,Water pump running continuously but delivering very low water pressure to top floors.,"Pump motor humming loudly, zero pressure gauge reading, air in pipeline",Suction foot valve stuck partially open and suction line priming lost,Debris lodged in brass foot valve disc preventing positive prime holding,"Dismantle foot valve, clear silt debris, re-prime suction manifold and replace gasket",2800,2.3,High,Plumber & Pump Specialist,2025-08-27,Foot valve replaced with stainless steel mesh strainer. Priming restored.,Verified & Closed
1243,Water Pump,WP-042,Main Overhead Tank Sub-station,Water pump running continuously but delivering very low water pressure to top floors.,"Pump motor humming loudly, zero pressure gauge reading, air in pipeline",Suction foot valve stuck partially open and suction line priming lost,Debris lodged in brass foot valve disc preventing positive prime holding,"Dismantle foot valve, clear silt debris, re-prime suction manifold and replace gasket",2500,1.9,High,Plumber & Pump Specialist,2025-07-10,Foot valve replaced with stainless steel mesh strainer. Priming restored.,Resolved
1244,Water Pump,WP-022,Hostel Water Treatment Plant,Water leaking heavily from pump shaft seal and motor tripping on thermal relay.,"Water puddle around pump base, motor casing hot to touch, breaker tripping",Mechanical shaft seal face cracked and motor bearing water ingress,Dry running of pump causing ceramic-carbon seal face thermal shock,"Replace mechanical ceramic seal, repack shaft gland, test motor dry-run sensor",3150,2.3,High,Pump Technician,2025-05-07,Replaced mechanical seal and fitted dry-run float switch protector.,Resolved
1245,Water Pump,WP-019,Main Overhead Tank Sub-station,Water leaking heavily from pump shaft seal and motor tripping on thermal relay.,"Water puddle around pump base, motor casing hot to touch, breaker tripping",Mechanical shaft seal face cracked and motor bearing water ingress,Dry running of pump causing ceramic-carbon seal face thermal shock,"Replace mechanical ceramic seal, repack shaft gland, test motor dry-run sensor",3800,3.2,High,Pump Technician,2026-06-05,Replaced mechanical seal and fitted dry-run float switch protector.,Verified & Closed
1246,Classroom Projector,PRJ-043,Lecture Hall 101,Projector turning on for 2 minutes then shutting down with blinking red Temp light.,"Rapid shutdown, red Temp warning LED, loud exhaust fan whining",Thermal sensor cutoff due to blocked intake air filter and dust on fan blades,Dust accumulation clogging intake sponge filter preventing heat dissipation from lamp module,"Deep clean air filter sponge, blow out optical engine compartment, inspect fan RPM",1350,0.8,Medium,AV Technician,2025-10-07,Filter washed and dried. Thermal sensor readings normalized.,Resolved
1247,Classroom Projector,PRJ-011,Lecture Hall 204,Projector turning on for 2 minutes then shutting down with blinking red Temp light.,"Rapid shutdown, red Temp warning LED, loud exhaust fan whining",Thermal sensor cutoff due to blocked intake air filter and dust on fan blades,Dust accumulation clogging intake sponge filter preventing heat dissipation from lamp module,"Deep clean air filter sponge, blow out optical engine compartment, inspect fan RPM",1300,0.9,Medium,AV Technician,2026-03-15,Filter washed and dried. Thermal sensor readings normalized.,Verified & Closed
1248,Classroom Projector,PRJ-029,Lecture Hall 204,Projector turning on for 2 minutes then shutting down with blinking red Temp light.,"Rapid shutdown, red Temp warning LED, loud exhaust fan whining",Thermal sensor cutoff due to blocked intake air filter and dust on fan blades,Dust accumulation clogging intake sponge filter preventing heat dissipation from lamp module,"Deep clean air filter sponge, blow out optical engine compartment, inspect fan RPM",1000,0.7,Medium,AV Technician,2026-08-03,Filter washed and dried. Thermal sensor readings normalized.,Resolved
1249,Classroom Projector,PRJ-040,Auditorium Main,Projector turning on for 2 minutes then shutting down with blinking red Temp light.,"Rapid shutdown, red Temp warning LED, loud exhaust fan whining",Thermal sensor cutoff due to blocked intake air filter and dust on fan blades,Dust accumulation clogging intake sponge filter preventing heat dissipation from lamp module,"Deep clean air filter sponge, blow out optical engine compartment, inspect fan RPM",1350,0.9,Medium,AV Technician,2025-11-29,Filter washed and dried. Thermal sensor readings normalized.,Resolved
1250,Classroom Projector,PRJ-020,Lecture Hall 204,Projector displays 'No Signal' despite HDMI cable connected securely to laptop.,"Blue screen standby, HDMI source unacknowledged, cable pins loose",Damaged HDMI wall plate receptacle and cracked internal solder trace,Repeated mechanical tugging on wall HDMI port causing physical pin fracture,Replace wall plate HDMI 2.0 female-female connector module and patch cord,950,0.7,Medium,AV Technician,2025-05-24,Replaced wall socket module with reinforced metal pass-through.,Verified & Closed
1251,Classroom Projector,PRJ-030,Auditorium Main,Projector displays 'No Signal' despite HDMI cable connected securely to laptop.,"Blue screen standby, HDMI source unacknowledged, cable pins loose",Damaged HDMI wall plate receptacle and cracked internal solder trace,Repeated mechanical tugging on wall HDMI port causing physical pin fracture,Replace wall plate HDMI 2.0 female-female connector module and patch cord,1550,0.7,Medium,AV Technician,2025-12-02,Replaced wall socket module with reinforced metal pass-through.,Resolved
1252,Classroom Projector,PRJ-013,Lecture Hall 204,Projector displays 'No Signal' despite HDMI cable connected securely to laptop.,"Blue screen standby, HDMI source unacknowledged, cable pins loose",Damaged HDMI wall plate receptacle and cracked internal solder trace,Repeated mechanical tugging on wall HDMI port causing physical pin fracture,Replace wall plate HDMI 2.0 female-female connector module and patch cord,1050,0.5,Medium,AV Technician,2026-04-28,Replaced wall socket module with reinforced metal pass-through.,Resolved
1253,Classroom Projector,PRJ-036,Seminar Room B,Projector displays 'No Signal' despite HDMI cable connected securely to laptop.,"Blue screen standby, HDMI source unacknowledged, cable pins loose",Damaged HDMI wall plate receptacle and cracked internal solder trace,Repeated mechanical tugging on wall HDMI port causing physical pin fracture,Replace wall plate HDMI 2.0 female-female connector module and patch cord,1500,0.9,Medium,AV Technician,2026-06-03,Replaced wall socket module with reinforced metal pass-through.,Verified & Closed
1254,Classroom Projector,PRJ-011,Lecture Hall 101,Projector image shows severe yellow discoloration and flickering color band.,"Distorted color matrix, flickering tint, faint grinding sound from optical chamber",DLP color wheel indexing sensor dirty / motor bearing seizure,Dust layer on color wheel optical optocoupler sensor disc,Clean optical color wheel sensor with isopropanol and realign optical path,2700,2.4,Medium,Senior AV Specialist,2025-12-11,Color wheel cleaned. RGB calibration completed with test pattern.,Resolved
1255,Classroom Projector,PRJ-006,Auditorium Main,Projector image shows severe yellow discoloration and flickering color band.,"Distorted color matrix, flickering tint, faint grinding sound from optical chamber",DLP color wheel indexing sensor dirty / motor bearing seizure,Dust layer on color wheel optical optocoupler sensor disc,Clean optical color wheel sensor with isopropanol and realign optical path,3450,2.0,Medium,Senior AV Specialist,2026-02-01,Color wheel cleaned. RGB calibration completed with test pattern.,Resolved
1256,Classroom Projector,PRJ-027,Lecture Hall 101,Projector image shows severe yellow discoloration and flickering color band.,"Distorted color matrix, flickering tint, faint grinding sound from optical chamber",DLP color wheel indexing sensor dirty / motor bearing seizure,Dust layer on color wheel optical optocoupler sensor disc,Clean optical color wheel sensor with isopropanol and realign optical path,2600,2.0,Medium,Senior AV Specialist,2026-07-24,Color wheel cleaned. RGB calibration completed with test pattern.,Resolved
1257,UPS System,UPS-015,Exam Control Room,UPS constantly beeping with 'Battery Weak / Replace' indicator illuminated.,"Audible alert every 5 seconds, backup time dropped from 30 mins to 20 seconds",Sulfated 12V 42Ah SMF batteries with high internal impedance,End of electrochemical battery service life (3+ years) and high operating ambient temperature,"Perform battery conductance test, replace weak battery block, calibrate float voltage",8600,2.9,High,Power Electronics Technician,2026-08-19,4 dead cells in 16-battery string replaced. Battery bank autonomy load-tested to 25 minutes.,Verified & Closed
1258,UPS System,UPS-010,Exam Control Room,UPS constantly beeping with 'Battery Weak / Replace' indicator illuminated.,"Audible alert every 5 seconds, backup time dropped from 30 mins to 20 seconds",Sulfated 12V 42Ah SMF batteries with high internal impedance,End of electrochemical battery service life (3+ years) and high operating ambient temperature,"Perform battery conductance test, replace weak battery block, calibrate float voltage",6300,1.9,High,Power Electronics Technician,2026-04-29,4 dead cells in 16-battery string replaced. Battery bank autonomy load-tested to 25 minutes.,Verified & Closed
1259,UPS System,UPS-031,Biotech Lab Annex,UPS switching automatically to Static Bypass mode with Overload error.,"Bypass LED active, inverter offline, cooling fans operating at maximum RPM",Inverter DC-AC bridge heat-sink thermal sensor triggering due to fan failure,Exhaust fan 1 seized up with dust ball causing IGBT heatsink to reach 85°C,"Replace 120mm 24V DC ball bearing exhaust fan, clean heatsink, reset bypass alarm",2650,1.0,High,UPS Engineer,2025-06-14,Replaced cooling fans. UPS transferred back to online inverter mode.,Resolved
1260,UPS System,UPS-014,Exam Control Room,UPS switching automatically to Static Bypass mode with Overload error.,"Bypass LED active, inverter offline, cooling fans operating at maximum RPM",Inverter DC-AC bridge heat-sink thermal sensor triggering due to fan failure,Exhaust fan 1 seized up with dust ball causing IGBT heatsink to reach 85°C,"Replace 120mm 24V DC ball bearing exhaust fan, clean heatsink, reset bypass alarm",2500,1.5,High,UPS Engineer,2026-04-16,Replaced cooling fans. UPS transferred back to online inverter mode.,Resolved
1261,UPS System,UPS-008,Robotics Lab,UPS switching automatically to Static Bypass mode with Overload error.,"Bypass LED active, inverter offline, cooling fans operating at maximum RPM",Inverter DC-AC bridge heat-sink thermal sensor triggering due to fan failure,Exhaust fan 1 seized up with dust ball causing IGBT heatsink to reach 85°C,"Replace 120mm 24V DC ball bearing exhaust fan, clean heatsink, reset bypass alarm",1850,1.2,High,UPS Engineer,2025-11-25,Replaced cooling fans. UPS transferred back to online inverter mode.,Resolved
1262,UPS System,UPS-041,Robotics Lab,UPS switching automatically to Static Bypass mode with Overload error.,"Bypass LED active, inverter offline, cooling fans operating at maximum RPM",Inverter DC-AC bridge heat-sink thermal sensor triggering due to fan failure,Exhaust fan 1 seized up with dust ball causing IGBT heatsink to reach 85°C,"Replace 120mm 24V DC ball bearing exhaust fan, clean heatsink, reset bypass alarm",1500,1.1,High,UPS Engineer,2025-06-05,Replaced cooling fans. UPS transferred back to online inverter mode.,Verified & Closed
1265,RO Water Purifier,RO-034,Student Mess Floor 1,"Water purifier flow rate has dropped to a trickle, taking 10 mins to fill one bottle.","Very slow permeate flow, high reject water flow ratio, booster pump running continuously",Sediment pre-filter and activated carbon block choked with silt,High turbidity in incoming municipal water supply over past 2 weeks,Replace 5-micron spun polypropylene pre-filter and 10-inch CTO carbon block,950,1.0,Medium,Water Plant Technician,2025-09-12,Pre-filters replaced. Flow rate restored to 50 LPH at 60 PSI.,Resolved
1266,Restroom / Washroom Plumbing,PLUMB-001,Academic Block 2nd Floor Washroom,"Water leaking continuously from flush tank and floor flooded near washroom.","Continuous water running into toilet bowl, float valve not shutting off, water pool on floor",Defective flush tank siphon flapper valve and degraded float ball seal,Mineral scaling and rubber flapper hardening preventing watertight seal at flush valve seat,"Replace dual-flush siphon valve assembly, adjust float arm water level, test seal",850,0.8,Medium,Plumbing Specialist,2026-02-14,Replaced flapper valve and adjusted float level. Water leakage fully arrested.,Resolved
1267,Restroom / Washroom Plumbing,PLUMB-002,Main Admin Block Washroom,"Urinal auto-flusher sensor not triggering and water pooling in drain trap.","No flush on user exit, solenoid valve clicking faintly, foul odor in restroom",Infrared sensor optical window calcification and 6V solenoid valve diaphragm jam,Hard water mineral scale clogging solenoid pilot orifice and smudged sensor window,"Clean IR sensor lens, descale solenoid valve diaphragm with dilute acid, replace lithium battery",1200,1.0,Medium,Plumbing Specialist,2026-03-02,Descaled solenoid pilot channel. Tested auto-flush with 10 simulated passes.,Resolved
1268,Restroom / Washroom Plumbing,PLUMB-003,Hostel 3 Ground Floor Washroom,"Washbasin drain pipe blocked and water backing up during peak usage.","Slow sink drainage, standing soapy water in basin, gurgling sound in waste pipe",Hair and soap residue blockage in bottle trap and PVC P-trap bend,Accumulated grease and foreign fibers in 32mm drain waste pipe,"Dismantle and clear P-trap, snake drain pipe with mechanical auger, reseal slip joints",650,0.6,Low,Plumber,2026-01-20,Bottle trap cleared and cleaned. 10-liter flow test drained cleanly without obstruction.,Verified & Closed
1269,Restroom / Washroom Plumbing,PLUMB-004,CSE Block 1st Floor Washroom,"Heavy water dripping from under-sink CP angle cock valve and flexible connector.","Water spraying under washbasin, floor soaked, water meter spinning",Braided stainless steel connection hose inner EPDM rubber burst due to high pressure,Pressure spike in overhead water line and age fatigue on flexible hose,"Replace 1/2-inch stainless steel braided flexible connector hose and Teflon tape thread seal",750,0.5,High,Plumber,2026-04-18,Replaced braided hose and installed pressure-rated angle valve.,Resolved
1270,Restroom / Washroom Plumbing,PLUMB-005,Library Ground Floor Restroom,"Toilet flush handle broken and stuck down causing constant water wastage.","Loose flush handle lever, chain disconnected inside cistern, water continuously draining",Broken nylon actuator lever arm connecting handle to siphon discharge valve,Excessive downward force applied to plastic cistern handle lever arm,"Install heavy-duty brass cistern flush lever arm and stainless steel connecting chain",600,0.5,Medium,Plumber,2026-05-10,Installed brass lever arm and adjusted linkage chain length.,Resolved
1271,Laboratory Equipment,LAB-001,Chemistry Lab 102,"Water bath heating mantle failing to maintain temperature with test tubes boiling dry.","Temperature overshoot exceeding 80°C setpoint, erratic digital PID readout, burnt chemical odor",Pt100 RTD temperature sensor probe open-circuit and stuck solid-state relay (SSR),Corrosive acid vapor penetrating sensor sheath causing thermocouple lead corrosion,"Replace chemical-resistant Pt100 RTD sensor probe, replace 25A solid-state relay, recalibrate PID",2800,1.8,High,Laboratory Equipment Specialist,2026-02-28,New Teflon-sheathed Pt100 sensor installed. Water bath temperature calibrated within ±0.2°C.,Resolved
1272,Laboratory Equipment,LAB-002,Organic Chemistry Research Lab,"Fume hood exhaust airflow alarm beeping with low face velocity warning.","Exhaust fan velocity below 0.5 m/s, air baffle fluttering, chemical fume buildup in lab",Exhaust blower V-belt slippage and particulate accumulation on pre-filter screen,Chemical vapor residue and dust coating exhaust intake mesh filter,"High-pressure clean intake baffles, adjust blower belt tension, recalibrate thermal anemometer sensor",3200,2.2,High,HVAC & Lab Systems Engineer,2026-03-15,Baffles cleaned, belt tension adjusted. Face velocity measured at 0.58 m/s (safe compliant range).,Verified & Closed
1273,Laboratory Equipment,LAB-003,Biochemistry & Chemistry Lab,"Test tube shaker and vortex mixer motor vibrating violently and smelling of burning coil.","Motor stalling under load, loud grinding from eccentric bearing, rubber cup wobbling",Worn eccentric drive bearing and carbon brush degradation on universal motor,High rotational load and chemical solvent splash onto motor housing,"Replace drive eccentric bearing assembly, replace carbon brushes, lubricate drive shaft",1450,1.2,Medium,Lab Equipment Technician,2026-01-12,Bearing replaced. Vortex mixing speed tested smooth across 0-3000 RPM range.,Resolved
1274,Laboratory Equipment,LAB-004,Microbiology & Science Lab,"Glassware autoclave pressure vessel gasket leaking steam and failing to reach sterilization pressure.","Steam hissing from door rim, pressure gauge hovering at 10 PSI instead of 15 PSI, cycle aborted",Hardened silicone lid gasket and dirty micro-switch safety interlock,Heat cycling fatigue and mineral salt crusting along chamber sealing flange,"Descale lid sealing channel, install new food-grade high-temp silicone gasket, test pop-off valve",2200,1.5,High,Biomedical & Lab Engineer,2026-04-05,New gasket fitted. Autoclave reached 121°C at 15 PSI hold for full 20-min cycle successfully.,Resolved
1275,Laboratory Equipment,LAB-005,Analytical Chemistry Lab,"High-speed refrigerated centrifuge displaying 'E-03 Rotor Imbalance' error and refusing to spin.","Rotor lid lock stuck, imbalance optical sensor triggered, motor vibrating on acceleration",Optical speed encoder disc contaminated with dust and worn motor suspension dampeners,Motor rubber shock mounts degraded from solvent vapors causing excessive precession swing,"Clean optical encoder sensor, replace 4-point vibration isolator rubber bushes, re-level chamber",3800,2.5,High,Precision Instrument Engineer,2026-05-22,Vibration isolators replaced. Centrifuge tested balanced up to 14,000 RPM.,Resolved
1276,Laboratory Equipment,LAB-006,General Science Lab,"Spectrophotometer absorbance values drifting wildly during test tube optical measurements.","Unstable photometric baseline, tungsten-halogen lamp dimming intermittently, calibration fail",Degraded 6V 20W tungsten halogen lamp bulb filament and tarnished reference mirror,Lamp operating hours exceeded 2000 hours rating causing filament evaporation,"Replace tungsten-halogen source lamp, clean optical mirrors with optical lens paper, run zero-point calibration",4500,1.6,Medium,Scientific Instrument Specialist,2026-06-18,New calibrated halogen source installed. Baseline stability verified <0.002 Abs/hour.,Resolved
1277,Lighting & Electrical,ELEC-001,Classroom 204,"LED panel lights flickering intermittently and causing visual strain during lectures.","Strobe flickering at 50Hz, humming sound from driver enclosure in false ceiling",Failed electrolytic capacitor in constant-current LED driver module,Thermal stress inside sealed false ceiling cavity drying out driver filter capacitors,"Replace 40W constant-current isolated LED driver unit, verify neutral line continuity",850,0.8,Medium,Campus Electrician,2026-03-22,Replaced LED driver with surge-protected 40W unit. Flicker percentage <1% verified.,Resolved
1278,Lighting & Electrical,ELEC-002,Science Block Corridor,"Corridor switchboard socket sparking and hot to touch when lab equipment plugged in.","Audible crackling sound, scorch marks on socket faceplate, circuit trip risk",Loose terminal screw connection and oxidized brass contact prongs inside 16A socket,Repeated high-draw appliance usage causing thermal loosening of copper wire terminals,"Isolate circuit, replace 16A modular power socket and faceplate, retighten terminal connections",650,0.6,High,Campus Electrician,2026-04-11,Installed heavy-duty 16A socket with ceramic base and flame-retardant faceplate.,Verified & Closed

